Division,State,2023-07,2023-06,2023-05,2023-04,2023-03,2023-02,2023-01,2022-12,2022-11,2022-10,2022-09,2022-08,2022-07,2022-06,2022-05,2022-04,2022-03,2022-02,2022-01,2021-12,2021-11,2021-10,2021-09,2021-08,2021-07,2021-06,2021-05,2021-04,2021-03,2021-02,2021-01,2020-12,2020-11,2020-10,2020-09,2020-08,2020-07,2020-06,2020-05,2020-04,2020-03,2020-02,2020-01,2019-12,2019-11,2019-10,2019-09,2019-08,2019-07,2019-06,2019-05,2019-04,2019-03,2019-02,2019-01,2018-12,2018-11,2018-10,2018-09,2018-08,2018-07,2018-06,2018-05,2018-04,2018-03,2018-02,2018-01,2017-12,2017-11,2017-10,2017-09,2017-08,2017-07,2017-06,2017-05,2017-04,2017-03,2017-02,2017-01,2016-12,2016-11,2016-10,2016-09,2016-08,2016-07,2016-06,2016-05,2016-04,2016-03,2016-02,2016-01,2015-12,2015-11,2015-10,2015-09,2015-08,2015-07,2015-06,2015-05,2015-04,2015-03,2015-02,2015-01,2014-12,2014-11,2014-10,2014-09,2014-08,2014-07,2014-06,2014-05,2014-04,2014-03,2014-02,2014-01,2013-12,2013-11,2013-10,2013-09,2013-08,2013-07,2013-06,2013-05,2013-04,2013-03,2013-02,2013-01,2012-12,2012-11,2012-10,2012-09,2012-08,2012-07,2012-06,2012-05,2012-04,2012-03,2012-02,2012-01,2011-12,2011-11,2011-10,2011-09,2011-08,2011-07,2011-06,2011-05,2011-04,2011-03,2011-02,2011-01,2010-12,2010-11,2010-10,2010-09,2010-08,2010-07,2010-06,2010-05,2010-04,2010-03,2010-02,2010-01,2009-12,2009-11,2009-10,2009-09,2009-08,2009-07,2009-06,2009-05,2009-04,2009-03,2009-02,2009-01,2008-12,2008-11,2008-10,2008-09,2008-08,2008-07,2008-06,2008-05,2008-04,2008-03,2008-02,2008-01,2007-12,2007-11,2007-10,2007-09,2007-08,2007-07,2007-06,2007-05,2007-04,2007-03,2007-02,2007-01,2006-12,2006-11,2006-10,2006-09,2006-08,2006-07,2006-06,2006-05,2006-04,2006-03,2006-01,2005-12,2005-11,2005-10,2005-09,2005-08,2005-07,2005-06,2005-05,2005-04,2005-03,2005-02,2005-01,2004-12,2004-11,2004-10,2004-09,2004-08,2004-07,2004-06,2004-05,2004-04,2004-03,2004-02,2004-01,2003-12,2003-11,2003-10,2003-09,2003-08,2003-07,2003-06,2003-05,2003-04,2003-03,2003-02,2003-01,2002-12,2002-11,2002-10,2002-09,2002-08,2002-07,2002-06,2002-05,2002-04,2002-03,2002-02,2002-01,2001-12,2001-11,2001-10,2001-09,2001-08,2001-07,2001-06,2001-05,2001-04,2001-03,2001-02,2001-01,2000-12,2000-11,2000-10,2000-09,2000-08,2000-07,2000-06,2000-05,2000-04,2000-03,2000-02,2000-01,1999-12,1999-11,1999-10,1999-09,1999-08,1999-07,1999-06,1999-05,1999-04,1999-03,1999-02,1999-01,1998-12,1998-11,1998-10,1998-09,1998-08,1998-07,1998-06,1998-05,1998-04,1998-03,1998-02,1998-01,1997-12,1997-11,1997-10,1997-09,1997-08,1997-07,1997-06,1997-05,1997-04,1997-03,1997-02,1997-01,1996-12,1996-11,1996-10,1996-09,1996-08,1996-07,1996-06,1996-05,1996-04,1996-03,1996-02,1996-01,1995-12,1995-11,1995-10,1995-09,1995-08,1995-07,1995-06,1995-05,1995-04,1995-03,1995-02,1995-01,2006-02
New_England,Connecticut,302,427,548,289,542,493,682,525,492,410,384,396,743,394,342,406,351,347,454,495,445,336,380,299,294,363,329,690,564,276,241,395,446,500,820,566,501,382,661,401,643,442,278,444,561,3269.0,2205.0,3010.0,2787.0,2684.0,2312.0,2605.0,2613.0,1871.0,1932.0,2492.0,2177.0,2903.0,2137.0,2240.0,2486.0,3184.0,3751.0,1865.0,2362.0,2100.0,2352.0,3220.0,2353.0,2980.0,3073.0,2839.0,3409.0,3297.0,3196.0,2123.0,3306.0,1447.0,1631.0,2093.0,2274.0,2587.0,3575.0,2486.0,2544.0,3150.0,2520,2530,2348,1695,1375,2659,2656,2831,3560,2656,2752,3346,3952,2211,2539,1102,2453,1799,2298,2435,2376,2501,2753,3650,2475,2085,1593,1433,1999,2377,1803,2324,2339,2634,3140,3126,2435,2114,2060,1433,1407,2054,1928,2022,1836,2501,1781,2221,2221,1918,1389,1807,933,1608,1635,1525,1673,1326,1370,1880,1777,1249,1157,916,790,1573,1721,1577,1993,1609,1814,2489,1607,1772,1307,1725,1044,1678,1303,1709,1482,1580,1692,1635,1578,1277,1072,1484,683,1254,1439,1652,2081,1715,2181,4119,2489,2284,2212,1173,1751,2023,2329,2865,2746,3113,3857,3333,3944,3275,2949,2094,3374,3371,3205,3852,3813,4001,3868,4935,4518,4894,4988,3087,4971,4373,4749,5321,5256,5196,6183,5842,4602,4550,2704,3329,,,,,,,,,,,,,3849,3885,5455,4118,4952,4872,4898,4476,4403,3048,2362,2527,3299,3258,4259,3947,4129,4970,4773,4913,4393,3469,2911,2852,2851,3480,3689,3373,4400,4503,4137,4353,3633,2689,2897,2781,2674,3746,3696,3610,4031,4432,4304,4242,3962,3999,2287,2752,3521,3838,3867,3789,4254,4768,5143,4235,4729,3999,2671,2565,3744,3546,4304,4529,4003,4877,4697,4174,4063,3652,2638,3115,3005,3231,3767,3648,4374,4205,4238,3795,3820,3256,2123,2585,3086,3359,4134,3557,4184,3899,3974,4249,3746,2938,1806,1493,2560,3347,3425,3339,3892,3290,3543,3605,3712,3084,1569,1991,3091
New_England,Maine,503,613,699,596,476,266,255,333,369,399,488,564,551,593,639,655,414,871,437,622,448,499,485,653,764,803,745,651,499,275,458,375,408,607,686,515,566,607,396,481,378,254,234,189,277,3269.0,2205.0,3010.0,2787.0,2684.0,2312.0,2605.0,2613.0,1871.0,1932.0,2492.0,2177.0,2903.0,2137.0,2240.0,2486.0,3184.0,3751.0,1865.0,2362.0,2100.0,2352.0,3220.0,2353.0,2980.0,3073.0,2839.0,3409.0,3297.0,3196.0,2123.0,3306.0,1447.0,1631.0,2093.0,2274.0,2587.0,3575.0,2486.0,2544.0,3150.0,2520,2530,2348,1695,1375,2659,2656,2831,3560,2656,2752,3346,3952,2211,2539,1102,2453,1799,2298,2435,2376,2501,2753,3650,2475,2085,1593,1433,1999,2377,1803,2324,2339,2634,3140,3126,2435,2114,2060,1433,1407,2054,1928,2022,1836,2501,1781,2221,2221,1918,1389,1807,933,1608,1635,1525,1673,1326,1370,1880,1777,1249,1157,916,790,1573,1721,1577,1993,1609,1814,2489,1607,1772,1307,1725,1044,1678,1303,1709,1482,1580,1692,1635,1578,1277,1072,1484,683,1254,1439,1652,2081,1715,2181,4119,2489,2284,2212,1173,1751,2023,2329,2865,2746,3113,3857,3333,3944,3275,2949,2094,3374,3371,3205,3852,3813,4001,3868,4935,4518,4894,4988,3087,4971,4373,4749,5321,5256,5196,6183,5842,4602,4550,2704,3329,,,,,,,,,,,,,3849,3885,5455,4118,4952,4872,4898,4476,4403,3048,2362,2527,3299,3258,4259,3947,4129,4970,4773,4913,4393,3469,2911,2852,2851,3480,3689,3373,4400,4503,4137,4353,3633,2689,2897,2781,2674,3746,3696,3610,4031,4432,4304,4242,3962,3999,2287,2752,3521,3838,3867,3789,4254,4768,5143,4235,4729,3999,2671,2565,3744,3546,4304,4529,4003,4877,4697,4174,4063,3652,2638,3115,3005,3231,3767,3648,4374,4205,4238,3795,3820,3256,2123,2585,3086,3359,4134,3557,4184,3899,3974,4249,3746,2938,1806,1493,2560,3347,3425,3339,3892,3290,3543,3605,3712,3084,1569,1991,3091
New_England,Massachusetts,1201,1355,1481,819,1475,1165,1088,1510,1293,1056,1611,1083,1650,2200,1482,1960,1795,2127,1173,2673,1047,1021,1828,1173,1341,1445,1840,2179,1488,1062,1246,1762,1677,1135,1404,979,1515,1760,1347,548,1105,850,1806,1410,1415,3269.0,2205.0,3010.0,2787.0,2684.0,2312.0,2605.0,2613.0,1871.0,1932.0,2492.0,2177.0,2903.0,2137.0,2240.0,2486.0,3184.0,3751.0,1865.0,2362.0,2100.0,2352.0,3220.0,2353.0,2980.0,3073.0,2839.0,3409.0,3297.0,3196.0,2123.0,3306.0,1447.0,1631.0,2093.0,2274.0,2587.0,3575.0,2486.0,2544.0,3150.0,2520,2530,2348,1695,1375,2659,2656,2831,3560,2656,2752,3346,3952,2211,2539,1102,2453,1799,2298,2435,2376,2501,2753,3650,2475,2085,1593,1433,1999,2377,1803,2324,2339,2634,3140,3126,2435,2114,2060,1433,1407,2054,1928,2022,1836,2501,1781,2221,2221,1918,1389,1807,933,1608,1635,1525,1673,1326,1370,1880,1777,1249,1157,916,790,1573,1721,1577,1993,1609,1814,2489,1607,1772,1307,1725,1044,1678,1303,1709,1482,1580,1692,1635,1578,1277,1072,1484,683,1254,1439,1652,2081,1715,2181,4119,2489,2284,2212,1173,1751,2023,2329,2865,2746,3113,3857,3333,3944,3275,2949,2094,3374,3371,3205,3852,3813,4001,3868,4935,4518,4894,4988,3087,4971,4373,4749,5321,5256,5196,6183,5842,4602,4550,2704,3329,,,,,,,,,,,,,3849,3885,5455,4118,4952,4872,4898,4476,4403,3048,2362,2527,3299,3258,4259,3947,4129,4970,4773,4913,4393,3469,2911,2852,2851,3480,3689,3373,4400,4503,4137,4353,3633,2689,2897,2781,2674,3746,3696,3610,4031,4432,4304,4242,3962,3999,2287,2752,3521,3838,3867,3789,4254,4768,5143,4235,4729,3999,2671,2565,3744,3546,4304,4529,4003,4877,4697,4174,4063,3652,2638,3115,3005,3231,3767,3648,4374,4205,4238,3795,3820,3256,2123,2585,3086,3359,4134,3557,4184,3899,3974,4249,3746,2938,1806,1493,2560,3347,3425,3339,3892,3290,3543,3605,3712,3084,1569,1991,3091
New_England,New_Hampshire,306,525,472,397,258,222,269,292,319,311,397,498,378,418,369,373,358,296,231,249,288,282,342,425,426,468,571,419,456,260,216,342,448,319,394,346,343,391,242,231,290,277,231,202,304,3269.0,2205.0,3010.0,2787.0,2684.0,2312.0,2605.0,2613.0,1871.0,1932.0,2492.0,2177.0,2903.0,2137.0,2240.0,2486.0,3184.0,3751.0,1865.0,2362.0,2100.0,2352.0,3220.0,2353.0,2980.0,3073.0,2839.0,3409.0,3297.0,3196.0,2123.0,3306.0,1447.0,1631.0,2093.0,2274.0,2587.0,3575.0,2486.0,2544.0,3150.0,2520,2530,2348,1695,1375,2659,2656,2831,3560,2656,2752,3346,3952,2211,2539,1102,2453,1799,2298,2435,2376,2501,2753,3650,2475,2085,1593,1433,1999,2377,1803,2324,2339,2634,3140,3126,2435,2114,2060,1433,1407,2054,1928,2022,1836,2501,1781,2221,2221,1918,1389,1807,933,1608,1635,1525,1673,1326,1370,1880,1777,1249,1157,916,790,1573,1721,1577,1993,1609,1814,2489,1607,1772,1307,1725,1044,1678,1303,1709,1482,1580,1692,1635,1578,1277,1072,1484,683,1254,1439,1652,2081,1715,2181,4119,2489,2284,2212,1173,1751,2023,2329,2865,2746,3113,3857,3333,3944,3275,2949,2094,3374,3371,3205,3852,3813,4001,3868,4935,4518,4894,4988,3087,4971,4373,4749,5321,5256,5196,6183,5842,4602,4550,2704,3329,,,,,,,,,,,,,3849,3885,5455,4118,4952,4872,4898,4476,4403,3048,2362,2527,3299,3258,4259,3947,4129,4970,4773,4913,4393,3469,2911,2852,2851,3480,3689,3373,4400,4503,4137,4353,3633,2689,2897,2781,2674,3746,3696,3610,4031,4432,4304,4242,3962,3999,2287,2752,3521,3838,3867,3789,4254,4768,5143,4235,4729,3999,2671,2565,3744,3546,4304,4529,4003,4877,4697,4174,4063,3652,2638,3115,3005,3231,3767,3648,4374,4205,4238,3795,3820,3256,2123,2585,3086,3359,4134,3557,4184,3899,3974,4249,3746,2938,1806,1493,2560,3347,3425,3339,3892,3290,3543,3605,3712,3084,1569,1991,3091
New_England,Rhode_Island,82,140,131,88,101,87,79,85,66,84,136,123,92,100,128,121,84,88,98,137,131,114,87,141,104,182,120,152,131,96,103,119,117,115,136,122,89,151,98,74,97,89,91,113,91,3269.0,2205.0,3010.0,2787.0,2684.0,2312.0,2605.0,2613.0,1871.0,1932.0,2492.0,2177.0,2903.0,2137.0,2240.0,2486.0,3184.0,3751.0,1865.0,2362.0,2100.0,2352.0,3220.0,2353.0,2980.0,3073.0,2839.0,3409.0,3297.0,3196.0,2123.0,3306.0,1447.0,1631.0,2093.0,2274.0,2587.0,3575.0,2486.0,2544.0,3150.0,2520,2530,2348,1695,1375,2659,2656,2831,3560,2656,2752,3346,3952,2211,2539,1102,2453,1799,2298,2435,2376,2501,2753,3650,2475,2085,1593,1433,1999,2377,1803,2324,2339,2634,3140,3126,2435,2114,2060,1433,1407,2054,1928,2022,1836,2501,1781,2221,2221,1918,1389,1807,933,1608,1635,1525,1673,1326,1370,1880,1777,1249,1157,916,790,1573,1721,1577,1993,1609,1814,2489,1607,1772,1307,1725,1044,1678,1303,1709,1482,1580,1692,1635,1578,1277,1072,1484,683,1254,1439,1652,2081,1715,2181,4119,2489,2284,2212,1173,1751,2023,2329,2865,2746,3113,3857,3333,3944,3275,2949,2094,3374,3371,3205,3852,3813,4001,3868,4935,4518,4894,4988,3087,4971,4373,4749,5321,5256,5196,6183,5842,4602,4550,2704,3329,,,,,,,,,,,,,3849,3885,5455,4118,4952,4872,4898,4476,4403,3048,2362,2527,3299,3258,4259,3947,4129,4970,4773,4913,4393,3469,2911,2852,2851,3480,3689,3373,4400,4503,4137,4353,3633,2689,2897,2781,2674,3746,3696,3610,4031,4432,4304,4242,3962,3999,2287,2752,3521,3838,3867,3789,4254,4768,5143,4235,4729,3999,2671,2565,3744,3546,4304,4529,4003,4877,4697,4174,4063,3652,2638,3115,3005,3231,3767,3648,4374,4205,4238,3795,3820,3256,2123,2585,3086,3359,4134,3557,4184,3899,3974,4249,3746,2938,1806,1493,2560,3347,3425,3339,3892,3290,3543,3605,3712,3084,1569,1991,3091
New_England,Vermont,198,229,210,165,328,84,71,108,119,117,207,174,261,232,184,194,172,119,105,239,135,198,172,171,141,188,200,262,197,97,92,123,166,128,172,128,220,234,138,119,213,102,83,58,73,3269.0,2205.0,3010.0,2787.0,2684.0,2312.0,2605.0,2613.0,1871.0,1932.0,2492.0,2177.0,2903.0,2137.0,2240.0,2486.0,3184.0,3751.0,1865.0,2362.0,2100.0,2352.0,3220.0,2353.0,2980.0,3073.0,2839.0,3409.0,3297.0,3196.0,2123.0,3306.0,1447.0,1631.0,2093.0,2274.0,2587.0,3575.0,2486.0,2544.0,3150.0,2520,2530,2348,1695,1375,2659,2656,2831,3560,2656,2752,3346,3952,2211,2539,1102,2453,1799,2298,2435,2376,2501,2753,3650,2475,2085,1593,1433,1999,2377,1803,2324,2339,2634,3140,3126,2435,2114,2060,1433,1407,2054,1928,2022,1836,2501,1781,2221,2221,1918,1389,1807,933,1608,1635,1525,1673,1326,1370,1880,1777,1249,1157,916,790,1573,1721,1577,1993,1609,1814,2489,1607,1772,1307,1725,1044,1678,1303,1709,1482,1580,1692,1635,1578,1277,1072,1484,683,1254,1439,1652,2081,1715,2181,4119,2489,2284,2212,1173,1751,2023,2329,2865,2746,3113,3857,3333,3944,3275,2949,2094,3374,3371,3205,3852,3813,4001,3868,4935,4518,4894,4988,3087,4971,4373,4749,5321,5256,5196,6183,5842,4602,4550,2704,3329,,,,,,,,,,,,,3849,3885,5455,4118,4952,4872,4898,4476,4403,3048,2362,2527,3299,3258,4259,3947,4129,4970,4773,4913,4393,3469,2911,2852,2851,3480,3689,3373,4400,4503,4137,4353,3633,2689,2897,2781,2674,3746,3696,3610,4031,4432,4304,4242,3962,3999,2287,2752,3521,3838,3867,3789,4254,4768,5143,4235,4729,3999,2671,2565,3744,3546,4304,4529,4003,4877,4697,4174,4063,3652,2638,3115,3005,3231,3767,3648,4374,4205,4238,3795,3820,3256,2123,2585,3086,3359,4134,3557,4184,3899,3974,4249,3746,2938,1806,1493,2560,3347,3425,3339,3892,3290,3543,3605,3712,3084,1569,1991,3091
Middle_Atlantic,New_Jersey,2625,2515,3757,2194,3498,1862,2482,3354,2792,1741,2536,2389,3537,3636,2239,3346,4179,2838,2932,4530,3278,3013,2483,3039,2740,2935,3108,3535,2916,2159,3309,3112,3198,3367,3286,2268,2920,3329,1821,1227,2762,1757,2407,2690,3175,9665.0,8038.0,10046.0,8342.0,9086.0,6882.0,7588.0,6842.0,6130.0,7167.0,6608.0,7273.0,7892.0,6028.0,6748.0,8652.0,8312.0,9756.0,5973.0,8108.0,6097.0,5148.0,8694.0,6960.0,7511.0,7959.0,7293.0,7264.0,7684.0,8488.0,7528.0,7514.0,4907.0,8005.0,7372.0,6501.0,6225.0,8578.0,7622.0,5892.0,9187.0,6578,5962,5619,5630,3647,14057,7094,7885,6943,6912,7994,27759,21649,13986,7699,4088,5039,6264,6365,5822,8729,6526,8907,7274,7893,7574,8656,4430,4091,7438,6160,6846,6279,8397,7704,8047,7267,6564,5124,3499,5217,5711,4135,5594,5451,5243,6286,6604,5053,5729,4390,3737,3822,3954,4652,4054,4158,4504,3624,6309,5458,3679,3534,2706,3793,7098,3573,4623,5048,4697,4382,6752,4294,4423,4306,3121,3002,5228,3752,3957,4402,4182,4116,4824,3508,3715,3266,2503,2806,3357,3479,5142,6104,5468,7709,25552,10100,7406,6139,5184,6256,7869,7703,10357,8568,10984,10558,12261,10150,10312,10145,6114,8746,9141,8448,10250,10013,11955,10523,13024,11912,10721,12403,9299,9919,12177,11283,13040,12741,12781,16034,12450,13229,10591,8308,7752,,,,,,,,,,,,,10833,9543,12426,10258,12305,10991,10791,11616,10170,8640,7076,6737,8980,8719,10998,10664,10344,11776,11591,12127,10455,8049,8217,7279,8227,9033,10425,8103,10445,10486,10299,10061,9651,9401,7591,5852,7029,9909,9876,9995,9782,9496,11390,10832,10204,10084,6855,7721,8269,9235,8425,9120,10646,9792,12874,9988,10359,10028,6825,6430,8442,9300,11245,9855,9188,9996,11366,8525,8822,8056,6038,6437,7677,7299,8301,8689,8165,9128,9331,8803,8533,8026,6000,5638,6690,7440,9678,8296,9850,9609,9092,10058,9170,7573,4169,4029,5372,6899,8271,7510,8002,7184,8509,8438,7553,7154,3950,4556,8763
Middle_Atlantic,New_York,1912,2346,2586,2011,3888,1855,1258,2411,2140,2304,2684,4255,3702,5419,3325,3674,5928,2969,3085,3459,4462,3122,2653,4764,3007,4505,3573,3008,2759,2956,3951,3941,3682,3375,3996,3050,3775,3832,2500,1077,1949,2180,4991,4560,5323,9665.0,8038.0,10046.0,8342.0,9086.0,6882.0,7588.0,6842.0,6130.0,7167.0,6608.0,7273.0,7892.0,6028.0,6748.0,8652.0,8312.0,9756.0,5973.0,8108.0,6097.0,5148.0,8694.0,6960.0,7511.0,7959.0,7293.0,7264.0,7684.0,8488.0,7528.0,7514.0,4907.0,8005.0,7372.0,6501.0,6225.0,8578.0,7622.0,5892.0,9187.0,6578,5962,5619,5630,3647,14057,7094,7885,6943,6912,7994,27759,21649,13986,7699,4088,5039,6264,6365,5822,8729,6526,8907,7274,7893,7574,8656,4430,4091,7438,6160,6846,6279,8397,7704,8047,7267,6564,5124,3499,5217,5711,4135,5594,5451,5243,6286,6604,5053,5729,4390,3737,3822,3954,4652,4054,4158,4504,3624,6309,5458,3679,3534,2706,3793,7098,3573,4623,5048,4697,4382,6752,4294,4423,4306,3121,3002,5228,3752,3957,4402,4182,4116,4824,3508,3715,3266,2503,2806,3357,3479,5142,6104,5468,7709,25552,10100,7406,6139,5184,6256,7869,7703,10357,8568,10984,10558,12261,10150,10312,10145,6114,8746,9141,8448,10250,10013,11955,10523,13024,11912,10721,12403,9299,9919,12177,11283,13040,12741,12781,16034,12450,13229,10591,8308,7752,,,,,,,,,,,,,10833,9543,12426,10258,12305,10991,10791,11616,10170,8640,7076,6737,8980,8719,10998,10664,10344,11776,11591,12127,10455,8049,8217,7279,8227,9033,10425,8103,10445,10486,10299,10061,9651,9401,7591,5852,7029,9909,9876,9995,9782,9496,11390,10832,10204,10084,6855,7721,8269,9235,8425,9120,10646,9792,12874,9988,10359,10028,6825,6430,8442,9300,11245,9855,9188,9996,11366,8525,8822,8056,6038,6437,7677,7299,8301,8689,8165,9128,9331,8803,8533,8026,6000,5638,6690,7440,9678,8296,9850,9609,9092,10058,9170,7573,4169,4029,5372,6899,8271,7510,8002,7184,8509,8438,7553,7154,3950,4556,8763
Middle_Atlantic,Pennsylvania,1817,2392,2418,1939,2045,1303,1304,1955,2241,1897,1830,1935,2104,2185,2187,2107,2592,1786,1794,13036,2230,1916,1952,2617,2570,2654,2657,2733,3951,3591,3833,2333,2367,1931,2262,1958,2797,2200,1968,710,1751,1955,2208,2214,1340,9665.0,8038.0,10046.0,8342.0,9086.0,6882.0,7588.0,6842.0,6130.0,7167.0,6608.0,7273.0,7892.0,6028.0,6748.0,8652.0,8312.0,9756.0,5973.0,8108.0,6097.0,5148.0,8694.0,6960.0,7511.0,7959.0,7293.0,7264.0,7684.0,8488.0,7528.0,7514.0,4907.0,8005.0,7372.0,6501.0,6225.0,8578.0,7622.0,5892.0,9187.0,6578,5962,5619,5630,3647,14057,7094,7885,6943,6912,7994,27759,21649,13986,7699,4088,5039,6264,6365,5822,8729,6526,8907,7274,7893,7574,8656,4430,4091,7438,6160,6846,6279,8397,7704,8047,7267,6564,5124,3499,5217,5711,4135,5594,5451,5243,6286,6604,5053,5729,4390,3737,3822,3954,4652,4054,4158,4504,3624,6309,5458,3679,3534,2706,3793,7098,3573,4623,5048,4697,4382,6752,4294,4423,4306,3121,3002,5228,3752,3957,4402,4182,4116,4824,3508,3715,3266,2503,2806,3357,3479,5142,6104,5468,7709,25552,10100,7406,6139,5184,6256,7869,7703,10357,8568,10984,10558,12261,10150,10312,10145,6114,8746,9141,8448,10250,10013,11955,10523,13024,11912,10721,12403,9299,9919,12177,11283,13040,12741,12781,16034,12450,13229,10591,8308,7752,,,,,,,,,,,,,10833,9543,12426,10258,12305,10991,10791,11616,10170,8640,7076,6737,8980,8719,10998,10664,10344,11776,11591,12127,10455,8049,8217,7279,8227,9033,10425,8103,10445,10486,10299,10061,9651,9401,7591,5852,7029,9909,9876,9995,9782,9496,11390,10832,10204,10084,6855,7721,8269,9235,8425,9120,10646,9792,12874,9988,10359,10028,6825,6430,8442,9300,11245,9855,9188,9996,11366,8525,8822,8056,6038,6437,7677,7299,8301,8689,8165,9128,9331,8803,8533,8026,6000,5638,6690,7440,9678,8296,9850,9609,9092,10058,9170,7573,4169,4029,5372,6899,8271,7510,8002,7184,8509,8438,7553,7154,3950,4556,8763
East_North_Central,Illinois,1165,1481,1418,1576,1850,784,978,1673,1534,1814,2255,1720,1418,1437,1702,2270,2090,917,1314,1080,1460,2655,1642,1793,2224,1981,1460,1967,1625,1011,983,1284,1336,1660,1729,1212,1973,1480,1234,1382,1850,1247,1142,2025,1817,,,,,,,,,,,,,,,,,,,,,,,,,,,,,,,,,,,,,,,,,,10064,9310,8751,5543,6016,6350,9358,9354,9774,9042,8932,9806,8927,8497,6272,4449,3748,5900,5584,8630,8602,8453,10256,9310,9193,8086,6924,3664,3964,5421,6986,8930,9612,8222,8264,7313,8484,8338,5691,4375,4207,4082,7096,7422,6459,6930,5913,5917,6980,5821,5844,3557,2851,4490,5065,6170,5514,6629,4923,5529,5581,4875,4777,2529,3046,3355,4145,5839,4844,5067,5560,5562,5421,6323,5597,3256,2972,3898,4511,5146,5732,5318,6134,5728,4813,4535,3692,2834,2423,3500,4343,7575,7304,8175,8998,9269,9084,10105,6043,5253,6173,6592,9104,11495,11368,13070,12759,14233,15380,12919,12852,8762,10296,9065,11979,15383,14653,17409,16383,18308,20912,17711,18524,13273,14037,19972,22750,22670,24442,22341,24057,23693,23264,19884,14628,11771,,,,,,,,,,,,,15872,17900,25658,24509,23072,23157,25595,22740,23493,18237,12250,12730,17332,16899,24607,20367,21089,22732,22239,23859,23564,18414,13277,12767,14189,17060,19854,18877,21048,21534,23289,23541,21533,19242,13129,11715,10751,16557,21552,19563,21720,20239,20720,23215,21736,22316,13372,11216,13851,19154,21150,21893,22294,20987,23096,23626,23680,21466,12803,9041,17630,16662,23094,20217,20106,20083,22189,21047,21509,18480,12560,10161,14408,14715,19708,19052,18582,19131,19456,20495,21796,16778,11596,9853,12491,17391,22302,19661,21590,24500,20080,22530,23669,17490,11121,9857,12559,16786,20748,19148,22350,19248,20630,21171,17583,17179,9689,8674,14378
East_North_Central,Indiana,2049,2772,2522,2401,2087,1466,1529,1552,1857,2355,3006,2207,2108,1950,2848,3592,2806,1965,2301,3200,2232,2207,2578,2317,2544,2957,2357,2640,2421,1579,1584,1843,1834,2719,2475,1861,2518,2286,2183,2064,1664,1187,1304,1475,1890,,,,,,,,,,,,,,,,,,,,,,,,,,,,,,,,,,,,,,,,,,10064,9310,8751,5543,6016,6350,9358,9354,9774,9042,8932,9806,8927,8497,6272,4449,3748,5900,5584,8630,8602,8453,10256,9310,9193,8086,6924,3664,3964,5421,6986,8930,9612,8222,8264,7313,8484,8338,5691,4375,4207,4082,7096,7422,6459,6930,5913,5917,6980,5821,5844,3557,2851,4490,5065,6170,5514,6629,4923,5529,5581,4875,4777,2529,3046,3355,4145,5839,4844,5067,5560,5562,5421,6323,5597,3256,2972,3898,4511,5146,5732,5318,6134,5728,4813,4535,3692,2834,2423,3500,4343,7575,7304,8175,8998,9269,9084,10105,6043,5253,6173,6592,9104,11495,11368,13070,12759,14233,15380,12919,12852,8762,10296,9065,11979,15383,14653,17409,16383,18308,20912,17711,18524,13273,14037,19972,22750,22670,24442,22341,24057,23693,23264,19884,14628,11771,,,,,,,,,,,,,15872,17900,25658,24509,23072,23157,25595,22740,23493,18237,12250,12730,17332,16899,24607,20367,21089,22732,22239,23859,23564,18414,13277,12767,14189,17060,19854,18877,21048,21534,23289,23541,21533,19242,13129,11715,10751,16557,21552,19563,21720,20239,20720,23215,21736,22316,13372,11216,13851,19154,21150,21893,22294,20987,23096,23626,23680,21466,12803,9041,17630,16662,23094,20217,20106,20083,22189,21047,21509,18480,12560,10161,14408,14715,19708,19052,18582,19131,19456,20495,21796,16778,11596,9853,12491,17391,22302,19661,21590,24500,20080,22530,23669,17490,11121,9857,12559,16786,20748,19148,22350,19248,20630,21171,17583,17179,9689,8674,14378
East_North_Central,Michigan,1883,1906,1614,1688,1738,1008,1187,1238,1026,1597,1714,2446,1629,2034,2386,1963,2208,1391,1351,1596,1771,1582,1988,1771,1658,2272,1979,2211,2364,1559,1640,2167,2133,2350,2040,1611,2038,1807,1538,727,1134,1155,1366,1105,1321,,,,,,,,,,,,,,,,,,,,,,,,,,,,,,,,,,,,,,,,,,10064,9310,8751,5543,6016,6350,9358,9354,9774,9042,8932,9806,8927,8497,6272,4449,3748,5900,5584,8630,8602,8453,10256,9310,9193,8086,6924,3664,3964,5421,6986,8930,9612,8222,8264,7313,8484,8338,5691,4375,4207,4082,7096,7422,6459,6930,5913,5917,6980,5821,5844,3557,2851,4490,5065,6170,5514,6629,4923,5529,5581,4875,4777,2529,3046,3355,4145,5839,4844,5067,5560,5562,5421,6323,5597,3256,2972,3898,4511,5146,5732,5318,6134,5728,4813,4535,3692,2834,2423,3500,4343,7575,7304,8175,8998,9269,9084,10105,6043,5253,6173,6592,9104,11495,11368,13070,12759,14233,15380,12919,12852,8762,10296,9065,11979,15383,14653,17409,16383,18308,20912,17711,18524,13273,14037,19972,22750,22670,24442,22341,24057,23693,23264,19884,14628,11771,,,,,,,,,,,,,15872,17900,25658,24509,23072,23157,25595,22740,23493,18237,12250,12730,17332,16899,24607,20367,21089,22732,22239,23859,23564,18414,13277,12767,14189,17060,19854,18877,21048,21534,23289,23541,21533,19242,13129,11715,10751,16557,21552,19563,21720,20239,20720,23215,21736,22316,13372,11216,13851,19154,21150,21893,22294,20987,23096,23626,23680,21466,12803,9041,17630,16662,23094,20217,20106,20083,22189,21047,21509,18480,12560,10161,14408,14715,19708,19052,18582,19131,19456,20495,21796,16778,11596,9853,12491,17391,22302,19661,21590,24500,20080,22530,23669,17490,11121,9857,12559,16786,20748,19148,22350,19248,20630,21171,17583,17179,9689,8674,14378
East_North_Central,Ohio,2112,3052,2327,1845,3347,1605,1150,1483,3122,4159,2535,2767,2515,2425,2305,2568,2680,1921,2169,2276,2486,2812,2480,3526,2376,2753,2932,2921,2494,2271,1573,2498,2254,3374,2566,2433,2931,2486,2142,1900,1449,1698,2624,1384,2406,,,,,,,,,,,,,,,,,,,,,,,,,,,,,,,,,,,,,,,,,,10064,9310,8751,5543,6016,6350,9358,9354,9774,9042,8932,9806,8927,8497,6272,4449,3748,5900,5584,8630,8602,8453,10256,9310,9193,8086,6924,3664,3964,5421,6986,8930,9612,8222,8264,7313,8484,8338,5691,4375,4207,4082,7096,7422,6459,6930,5913,5917,6980,5821,5844,3557,2851,4490,5065,6170,5514,6629,4923,5529,5581,4875,4777,2529,3046,3355,4145,5839,4844,5067,5560,5562,5421,6323,5597,3256,2972,3898,4511,5146,5732,5318,6134,5728,4813,4535,3692,2834,2423,3500,4343,7575,7304,8175,8998,9269,9084,10105,6043,5253,6173,6592,9104,11495,11368,13070,12759,14233,15380,12919,12852,8762,10296,9065,11979,15383,14653,17409,16383,18308,20912,17711,18524,13273,14037,19972,22750,22670,24442,22341,24057,23693,23264,19884,14628,11771,,,,,,,,,,,,,15872,17900,25658,24509,23072,23157,25595,22740,23493,18237,12250,12730,17332,16899,24607,20367,21089,22732,22239,23859,23564,18414,13277,12767,14189,17060,19854,18877,21048,21534,23289,23541,21533,19242,13129,11715,10751,16557,21552,19563,21720,20239,20720,23215,21736,22316,13372,11216,13851,19154,21150,21893,22294,20987,23096,23626,23680,21466,12803,9041,17630,16662,23094,20217,20106,20083,22189,21047,21509,18480,12560,10161,14408,14715,19708,19052,18582,19131,19456,20495,21796,16778,11596,9853,12491,17391,22302,19661,21590,24500,20080,22530,23669,17490,11121,9857,12559,16786,20748,19148,22350,19248,20630,21171,17583,17179,9689,8674,14378
East_North_Central,Wisconsin,1743,2064,2007,1327,1474,1101,908,1024,1846,1760,2239,1922,1811,1870,2427,2289,1787,1145,1012,2246,1699,2670,2070,2457,2379,2176,2316,2699,2088,1271,1094,969,1498,2415,2203,2028,2367,1697,1676,1345,1445,916,902,870,1949,,,,,,,,,,,,,,,,,,,,,,,,,,,,,,,,,,,,,,,,,,10064,9310,8751,5543,6016,6350,9358,9354,9774,9042,8932,9806,8927,8497,6272,4449,3748,5900,5584,8630,8602,8453,10256,9310,9193,8086,6924,3664,3964,5421,6986,8930,9612,8222,8264,7313,8484,8338,5691,4375,4207,4082,7096,7422,6459,6930,5913,5917,6980,5821,5844,3557,2851,4490,5065,6170,5514,6629,4923,5529,5581,4875,4777,2529,3046,3355,4145,5839,4844,5067,5560,5562,5421,6323,5597,3256,2972,3898,4511,5146,5732,5318,6134,5728,4813,4535,3692,2834,2423,3500,4343,7575,7304,8175,8998,9269,9084,10105,6043,5253,6173,6592,9104,11495,11368,13070,12759,14233,15380,12919,12852,8762,10296,9065,11979,15383,14653,17409,16383,18308,20912,17711,18524,13273,14037,19972,22750,22670,24442,22341,24057,23693,23264,19884,14628,11771,,,,,,,,,,,,,15872,17900,25658,24509,23072,23157,25595,22740,23493,18237,12250,12730,17332,16899,24607,20367,21089,22732,22239,23859,23564,18414,13277,12767,14189,17060,19854,18877,21048,21534,23289,23541,21533,19242,13129,11715,10751,16557,21552,19563,21720,20239,20720,23215,21736,22316,13372,11216,13851,19154,21150,21893,22294,20987,23096,23626,23680,21466,12803,9041,17630,16662,23094,20217,20106,20083,22189,21047,21509,18480,12560,10161,14408,14715,19708,19052,18582,19131,19456,20495,21796,16778,11596,9853,12491,17391,22302,19661,21590,24500,20080,22530,23669,17490,11121,9857,12559,16786,20748,19148,22350,19248,20630,21171,17583,17179,9689,8674,14378
West_North_Central,Iowa,817,1115,1327,924,1048,638,355,711,954,1209,1174,1263,842,1481,1257,1580,1083,601,563,716,1244,1557,1319,1023,1116,1359,944,1903,1830,773,494,1115,1065,1181,1344,1217,1484,1417,951,858,979,438,511,506,674,,,,,,,,,,,,,,,,,,,,,,,,,,,,,,,,,,,,,,,,,,7775,8572,6649,4109,3603,4658,6073,7565,7625,6788,7375,8021,7341,5842,5827,3440,2966,4674,5019,8515,8699,6368,7162,8328,7228,7432,5796,2800,3258,3701,5205,8146,6931,7211,6775,5865,6954,7888,5219,3198,3042,4618,5447,8183,6458,5649,4938,5527,5335,4771,4488,2893,2105,2556,3250,3685,4777,4495,3958,4398,4064,4092,3174,1924,1311,2628,3087,4189,3657,4049,3537,4053,4026,4672,4123,2073,1482,3512,3475,4615,4177,4103,4565,4563,3996,3298,3007,1707,1907,1859,2815,4611,5528,4729,5327,5095,5160,5595,3815,2624,3952,3306,5193,6875,6082,6213,7557,7312,8449,7891,7059,3489,4152,5774,6147,7795,7991,9130,9096,10929,10155,8369,9924,6427,7005,10073,11385,10856,10756,10971,11474,11222,12316,10511,6687,5053,,,,,,,,,,,,,8527,8941,11842,11311,10529,11971,11038,10902,10935,8327,5623,5879,8204,7695,10461,10579,10612,9812,9321,10045,10206,7785,6664,6039,6839,8315,9270,7871,9142,8401,9135,10274,9038,8690,5254,5226,4364,6572,9951,7718,8484,7460,9483,9119,9820,9856,7043,5137,7106,8858,8890,9074,9943,8521,10498,9151,9990,10078,5797,4308,9311,8002,9536,9604,8560,9533,9215,9674,9274,7261,5957,4418,6335,6425,9879,10090,8451,8051,8781,8798,9637,7299,4268,3509,6598,5881,8767,8191,9264,9042,8666,9650,10351,8879,5666,4178,4779,7467,9858,8311,8996,7711,8691,8336,7330,6911,4010,3601,6892
West_North_Central,Kansas,630,750,1132,561,548,349,492,420,460,777,858,704,840,759,739,1025,735,471,1161,855,793,578,819,808,724,639,745,889,764,846,495,824,532,691,947,573,1034,537,593,580,427,523,512,497,464,,,,,,,,,,,,,,,,,,,,,,,,,,,,,,,,,,,,,,,,,,7775,8572,6649,4109,3603,4658,6073,7565,7625,6788,7375,8021,7341,5842,5827,3440,2966,4674,5019,8515,8699,6368,7162,8328,7228,7432,5796,2800,3258,3701,5205,8146,6931,7211,6775,5865,6954,7888,5219,3198,3042,4618,5447,8183,6458,5649,4938,5527,5335,4771,4488,2893,2105,2556,3250,3685,4777,4495,3958,4398,4064,4092,3174,1924,1311,2628,3087,4189,3657,4049,3537,4053,4026,4672,4123,2073,1482,3512,3475,4615,4177,4103,4565,4563,3996,3298,3007,1707,1907,1859,2815,4611,5528,4729,5327,5095,5160,5595,3815,2624,3952,3306,5193,6875,6082,6213,7557,7312,8449,7891,7059,3489,4152,5774,6147,7795,7991,9130,9096,10929,10155,8369,9924,6427,7005,10073,11385,10856,10756,10971,11474,11222,12316,10511,6687,5053,,,,,,,,,,,,,8527,8941,11842,11311,10529,11971,11038,10902,10935,8327,5623,5879,8204,7695,10461,10579,10612,9812,9321,10045,10206,7785,6664,6039,6839,8315,9270,7871,9142,8401,9135,10274,9038,8690,5254,5226,4364,6572,9951,7718,8484,7460,9483,9119,9820,9856,7043,5137,7106,8858,8890,9074,9943,8521,10498,9151,9990,10078,5797,4308,9311,8002,9536,9604,8560,9533,9215,9674,9274,7261,5957,4418,6335,6425,9879,10090,8451,8051,8781,8798,9637,7299,4268,3509,6598,5881,8767,8191,9264,9042,8666,9650,10351,8879,5666,4178,4779,7467,9858,8311,8996,7711,8691,8336,7330,6911,4010,3601,6892
West_North_Central,Minnesota,2145,2484,2847,2088,1840,1302,1366,1556,1870,2752,2759,2725,2495,3076,3607,3209,3913,2357,1564,2918,2724,4310,3515,3715,2706,3341,3823,2868,3167,2030,2335,2847,2402,2914,2907,3383,2969,3016,2451,2107,2216,1015,1577,2979,2651,,,,,,,,,,,,,,,,,,,,,,,,,,,,,,,,,,,,,,,,,,7775,8572,6649,4109,3603,4658,6073,7565,7625,6788,7375,8021,7341,5842,5827,3440,2966,4674,5019,8515,8699,6368,7162,8328,7228,7432,5796,2800,3258,3701,5205,8146,6931,7211,6775,5865,6954,7888,5219,3198,3042,4618,5447,8183,6458,5649,4938,5527,5335,4771,4488,2893,2105,2556,3250,3685,4777,4495,3958,4398,4064,4092,3174,1924,1311,2628,3087,4189,3657,4049,3537,4053,4026,4672,4123,2073,1482,3512,3475,4615,4177,4103,4565,4563,3996,3298,3007,1707,1907,1859,2815,4611,5528,4729,5327,5095,5160,5595,3815,2624,3952,3306,5193,6875,6082,6213,7557,7312,8449,7891,7059,3489,4152,5774,6147,7795,7991,9130,9096,10929,10155,8369,9924,6427,7005,10073,11385,10856,10756,10971,11474,11222,12316,10511,6687,5053,,,,,,,,,,,,,8527,8941,11842,11311,10529,11971,11038,10902,10935,8327,5623,5879,8204,7695,10461,10579,10612,9812,9321,10045,10206,7785,6664,6039,6839,8315,9270,7871,9142,8401,9135,10274,9038,8690,5254,5226,4364,6572,9951,7718,8484,7460,9483,9119,9820,9856,7043,5137,7106,8858,8890,9074,9943,8521,10498,9151,9990,10078,5797,4308,9311,8002,9536,9604,8560,9533,9215,9674,9274,7261,5957,4418,6335,6425,9879,10090,8451,8051,8781,8798,9637,7299,4268,3509,6598,5881,8767,8191,9264,9042,8666,9650,10351,8879,5666,4178,4779,7467,9858,8311,8996,7711,8691,8336,7330,6911,4010,3601,6892
West_North_Central,Missouri,1486,1642,1818,1295,1623,1111,1028,1072,1393,1552,1560,2156,1625,1944,1779,2029,1825,1447,1862,1898,1666,2081,2105,2101,1389,1208,1592,2167,2347,1121,1102,1241,1615,1469,1604,1687,2243,1522,1403,1226,1187,1339,1371,1311,1115,,,,,,,,,,,,,,,,,,,,,,,,,,,,,,,,,,,,,,,,,,7775,8572,6649,4109,3603,4658,6073,7565,7625,6788,7375,8021,7341,5842,5827,3440,2966,4674,5019,8515,8699,6368,7162,8328,7228,7432,5796,2800,3258,3701,5205,8146,6931,7211,6775,5865,6954,7888,5219,3198,3042,4618,5447,8183,6458,5649,4938,5527,5335,4771,4488,2893,2105,2556,3250,3685,4777,4495,3958,4398,4064,4092,3174,1924,1311,2628,3087,4189,3657,4049,3537,4053,4026,4672,4123,2073,1482,3512,3475,4615,4177,4103,4565,4563,3996,3298,3007,1707,1907,1859,2815,4611,5528,4729,5327,5095,5160,5595,3815,2624,3952,3306,5193,6875,6082,6213,7557,7312,8449,7891,7059,3489,4152,5774,6147,7795,7991,9130,9096,10929,10155,8369,9924,6427,7005,10073,11385,10856,10756,10971,11474,11222,12316,10511,6687,5053,,,,,,,,,,,,,8527,8941,11842,11311,10529,11971,11038,10902,10935,8327,5623,5879,8204,7695,10461,10579,10612,9812,9321,10045,10206,7785,6664,6039,6839,8315,9270,7871,9142,8401,9135,10274,9038,8690,5254,5226,4364,6572,9951,7718,8484,7460,9483,9119,9820,9856,7043,5137,7106,8858,8890,9074,9943,8521,10498,9151,9990,10078,5797,4308,9311,8002,9536,9604,8560,9533,9215,9674,9274,7261,5957,4418,6335,6425,9879,10090,8451,8051,8781,8798,9637,7299,4268,3509,6598,5881,8767,8191,9264,9042,8666,9650,10351,8879,5666,4178,4779,7467,9858,8311,8996,7711,8691,8336,7330,6911,4010,3601,6892
West_North_Central,Nebraska,641,849,777,606,671,814,429,396,1070,926,744,670,778,739,1069,1572,943,775,828,743,547,1265,1266,638,614,780,1074,988,897,575,478,730,1020,1079,866,657,699,822,565,829,593,568,600,410,665,,,,,,,,,,,,,,,,,,,,,,,,,,,,,,,,,,,,,,,,,,7775,8572,6649,4109,3603,4658,6073,7565,7625,6788,7375,8021,7341,5842,5827,3440,2966,4674,5019,8515,8699,6368,7162,8328,7228,7432,5796,2800,3258,3701,5205,8146,6931,7211,6775,5865,6954,7888,5219,3198,3042,4618,5447,8183,6458,5649,4938,5527,5335,4771,4488,2893,2105,2556,3250,3685,4777,4495,3958,4398,4064,4092,3174,1924,1311,2628,3087,4189,3657,4049,3537,4053,4026,4672,4123,2073,1482,3512,3475,4615,4177,4103,4565,4563,3996,3298,3007,1707,1907,1859,2815,4611,5528,4729,5327,5095,5160,5595,3815,2624,3952,3306,5193,6875,6082,6213,7557,7312,8449,7891,7059,3489,4152,5774,6147,7795,7991,9130,9096,10929,10155,8369,9924,6427,7005,10073,11385,10856,10756,10971,11474,11222,12316,10511,6687,5053,,,,,,,,,,,,,8527,8941,11842,11311,10529,11971,11038,10902,10935,8327,5623,5879,8204,7695,10461,10579,10612,9812,9321,10045,10206,7785,6664,6039,6839,8315,9270,7871,9142,8401,9135,10274,9038,8690,5254,5226,4364,6572,9951,7718,8484,7460,9483,9119,9820,9856,7043,5137,7106,8858,8890,9074,9943,8521,10498,9151,9990,10078,5797,4308,9311,8002,9536,9604,8560,9533,9215,9674,9274,7261,5957,4418,6335,6425,9879,10090,8451,8051,8781,8798,9637,7299,4268,3509,6598,5881,8767,8191,9264,9042,8666,9650,10351,8879,5666,4178,4779,7467,9858,8311,8996,7711,8691,8336,7330,6911,4010,3601,6892
West_North_Central,North_Dakota,306,204,450,164,216,253,137,98,163,565,321,285,430,720,340,254,214,61,35,199,253,192,229,286,385,289,496,337,299,69,204,168,248,340,469,330,457,433,240,419,261,47,36,35,200,,,,,,,,,,,,,,,,,,,,,,,,,,,,,,,,,,,,,,,,,,7775,8572,6649,4109,3603,4658,6073,7565,7625,6788,7375,8021,7341,5842,5827,3440,2966,4674,5019,8515,8699,6368,7162,8328,7228,7432,5796,2800,3258,3701,5205,8146,6931,7211,6775,5865,6954,7888,5219,3198,3042,4618,5447,8183,6458,5649,4938,5527,5335,4771,4488,2893,2105,2556,3250,3685,4777,4495,3958,4398,4064,4092,3174,1924,1311,2628,3087,4189,3657,4049,3537,4053,4026,4672,4123,2073,1482,3512,3475,4615,4177,4103,4565,4563,3996,3298,3007,1707,1907,1859,2815,4611,5528,4729,5327,5095,5160,5595,3815,2624,3952,3306,5193,6875,6082,6213,7557,7312,8449,7891,7059,3489,4152,5774,6147,7795,7991,9130,9096,10929,10155,8369,9924,6427,7005,10073,11385,10856,10756,10971,11474,11222,12316,10511,6687,5053,,,,,,,,,,,,,8527,8941,11842,11311,10529,11971,11038,10902,10935,8327,5623,5879,8204,7695,10461,10579,10612,9812,9321,10045,10206,7785,6664,6039,6839,8315,9270,7871,9142,8401,9135,10274,9038,8690,5254,5226,4364,6572,9951,7718,8484,7460,9483,9119,9820,9856,7043,5137,7106,8858,8890,9074,9943,8521,10498,9151,9990,10078,5797,4308,9311,8002,9536,9604,8560,9533,9215,9674,9274,7261,5957,4418,6335,6425,9879,10090,8451,8051,8781,8798,9637,7299,4268,3509,6598,5881,8767,8191,9264,9042,8666,9650,10351,8879,5666,4178,4779,7467,9858,8311,8996,7711,8691,8336,7330,6911,4010,3601,6892
West_North_Central,South_Dakota,445,623,761,717,1120,151,261,239,297,411,743,1023,1347,628,1780,926,1344,301,352,522,512,706,770,797,617,604,662,811,746,245,595,348,854,872,762,576,602,741,514,405,493,207,135,304,314,,,,,,,,,,,,,,,,,,,,,,,,,,,,,,,,,,,,,,,,,,7775,8572,6649,4109,3603,4658,6073,7565,7625,6788,7375,8021,7341,5842,5827,3440,2966,4674,5019,8515,8699,6368,7162,8328,7228,7432,5796,2800,3258,3701,5205,8146,6931,7211,6775,5865,6954,7888,5219,3198,3042,4618,5447,8183,6458,5649,4938,5527,5335,4771,4488,2893,2105,2556,3250,3685,4777,4495,3958,4398,4064,4092,3174,1924,1311,2628,3087,4189,3657,4049,3537,4053,4026,4672,4123,2073,1482,3512,3475,4615,4177,4103,4565,4563,3996,3298,3007,1707,1907,1859,2815,4611,5528,4729,5327,5095,5160,5595,3815,2624,3952,3306,5193,6875,6082,6213,7557,7312,8449,7891,7059,3489,4152,5774,6147,7795,7991,9130,9096,10929,10155,8369,9924,6427,7005,10073,11385,10856,10756,10971,11474,11222,12316,10511,6687,5053,,,,,,,,,,,,,8527,8941,11842,11311,10529,11971,11038,10902,10935,8327,5623,5879,8204,7695,10461,10579,10612,9812,9321,10045,10206,7785,6664,6039,6839,8315,9270,7871,9142,8401,9135,10274,9038,8690,5254,5226,4364,6572,9951,7718,8484,7460,9483,9119,9820,9856,7043,5137,7106,8858,8890,9074,9943,8521,10498,9151,9990,10078,5797,4308,9311,8002,9536,9604,8560,9533,9215,9674,9274,7261,5957,4418,6335,6425,9879,10090,8451,8051,8781,8798,9637,7299,4268,3509,6598,5881,8767,8191,9264,9042,8666,9650,10351,8879,5666,4178,4779,7467,9858,8311,8996,7711,8691,8336,7330,6911,4010,3601,6892
South_Atlantic,Delaware,536,632,642,471,536,356,412,404,498,580,405,595,435,549,606,538,623,564,586,564,702,607,601,627,890,690,944,861,838,778,677,830,561,969,792,1111,823,624,441,536,593,578,538,453,482,35615.0,32902.0,35128.0,32583.0,29635.0,34917.0,33764.0,29628.0,28721.0,29021.0,27548.0,29365.0,31278.0,27369.0,33654.0,32195.0,31752.0,31415.0,33206.0,32267.0,28139.0,29879.0,22303.0,24719.0,29823.0,25061.0,31334.0,28975.0,31965.0,28706.0,25825.0,30345.0,23695.0,25464.0,24327.0,22587.0,26054.0,27091.0,28193.0,25632.0,29353.0,26959,26829,26670,23455,20263,24343,21730,25504,25252,23006,26433,28860,25418,26006,23599,22183,19478,21607,16991,24066,21237,22127,24527,21837,20986,21003,19971,21897,18527,17183,18961,22627,21683,19929,21234,21692,26043,24121,21281,19288,17773,16528,17918,18371,18689,18036,17826,17627,19281,14834,16527,14988,14684,13017,12884,11904,11287,15049,13460,13924,13139,11436,14900,11128,10365,9038,9245,9370,10339,12385,12820,13040,11929,13774,16643,11225,11185,12447,10337,11303,12326,12607,12313,13932,11661,11098,11215,11016,9693,10178,8915,14332,16771,18510,22071,23031,20473,21844,21084,20842,23383,20692,21391,23025,23369,30130,29771,33000,40193,35610,38842,32878,33491,32341,31750,38164,37120,46312,40909,49196,53670,49485,60370,50102,46536,45527,49659,56369,62028,52103,62452,55633,56440,57542,47174,45114,,,,,,,,,,,,,44709,34131,47936,42843,46107,44595,46962,45317,43312,40349,35626,39017,39285,33918,43571,36851,41851,45638,43592,43020,42295,42745,39584,37305,32882,35949,35747,34090,41544,39231,41339,44091,39241,42317,34660,35789,30876,32809,35448,34616,37791,34405,42522,39311,35037,41061,34798,32367,36098,33610,36824,34467,42074,39857,46148,36293,41059,42842,35936,35297,35837,33148,38825,36993,40213,40080,38159,36424,36489,39107,30430,28350,29060,26810,36233,33113,32925,36891,34997,35038,36326,34459,26118,27792,27150,26654,31032,31119,35332,32777,33489,37870,36115,31355,28011,26416,27623,29192,30381,33359,35370,30466,33919,31159,29141,34335,23021,26048,50161
South_Atlantic,District_of_Columbia,299,290,35,224,129,299,800,1000,988,451,986,1555,254,709,540,81,777,350,14,343,498,623,314,360,279,110,403,159,589,749,313,1224,626,1001,363,363,414,1025,393,256,687,336,682,57,269,35615.0,32902.0,35128.0,32583.0,29635.0,34917.0,33764.0,29628.0,28721.0,29021.0,27548.0,29365.0,31278.0,27369.0,33654.0,32195.0,31752.0,31415.0,33206.0,32267.0,28139.0,29879.0,22303.0,24719.0,29823.0,25061.0,31334.0,28975.0,31965.0,28706.0,25825.0,30345.0,23695.0,25464.0,24327.0,22587.0,26054.0,27091.0,28193.0,25632.0,29353.0,26959,26829,26670,23455,20263,24343,21730,25504,25252,23006,26433,28860,25418,26006,23599,22183,19478,21607,16991,24066,21237,22127,24527,21837,20986,21003,19971,21897,18527,17183,18961,22627,21683,19929,21234,21692,26043,24121,21281,19288,17773,16528,17918,18371,18689,18036,17826,17627,19281,14834,16527,14988,14684,13017,12884,11904,11287,15049,13460,13924,13139,11436,14900,11128,10365,9038,9245,9370,10339,12385,12820,13040,11929,13774,16643,11225,11185,12447,10337,11303,12326,12607,12313,13932,11661,11098,11215,11016,9693,10178,8915,14332,16771,18510,22071,23031,20473,21844,21084,20842,23383,20692,21391,23025,23369,30130,29771,33000,40193,35610,38842,32878,33491,32341,31750,38164,37120,46312,40909,49196,53670,49485,60370,50102,46536,45527,49659,56369,62028,52103,62452,55633,56440,57542,47174,45114,,,,,,,,,,,,,44709,34131,47936,42843,46107,44595,46962,45317,43312,40349,35626,39017,39285,33918,43571,36851,41851,45638,43592,43020,42295,42745,39584,37305,32882,35949,35747,34090,41544,39231,41339,44091,39241,42317,34660,35789,30876,32809,35448,34616,37791,34405,42522,39311,35037,41061,34798,32367,36098,33610,36824,34467,42074,39857,46148,36293,41059,42842,35936,35297,35837,33148,38825,36993,40213,40080,38159,36424,36489,39107,30430,28350,29060,26810,36233,33113,32925,36891,34997,35038,36326,34459,26118,27792,27150,26654,31032,31119,35332,32777,33489,37870,36115,31355,28011,26416,27623,29192,30381,33359,35370,30466,33919,31159,29141,34335,23021,26048,50161
South_Atlantic,Florida,15574,18825,15062,14957,18743,16279,14964,14958,12504,15337,17199,16834,15502,20160,20152,20051,19387,16284,17533,17640,14873,16212,17123,22629,17750,19447,17754,19625,17512,12866,15788,14402,11634,15768,14408,15378,13053,12709,11776,12223,13674,12111,14395,12079,10374,35615.0,32902.0,35128.0,32583.0,29635.0,34917.0,33764.0,29628.0,28721.0,29021.0,27548.0,29365.0,31278.0,27369.0,33654.0,32195.0,31752.0,31415.0,33206.0,32267.0,28139.0,29879.0,22303.0,24719.0,29823.0,25061.0,31334.0,28975.0,31965.0,28706.0,25825.0,30345.0,23695.0,25464.0,24327.0,22587.0,26054.0,27091.0,28193.0,25632.0,29353.0,26959,26829,26670,23455,20263,24343,21730,25504,25252,23006,26433,28860,25418,26006,23599,22183,19478,21607,16991,24066,21237,22127,24527,21837,20986,21003,19971,21897,18527,17183,18961,22627,21683,19929,21234,21692,26043,24121,21281,19288,17773,16528,17918,18371,18689,18036,17826,17627,19281,14834,16527,14988,14684,13017,12884,11904,11287,15049,13460,13924,13139,11436,14900,11128,10365,9038,9245,9370,10339,12385,12820,13040,11929,13774,16643,11225,11185,12447,10337,11303,12326,12607,12313,13932,11661,11098,11215,11016,9693,10178,8915,14332,16771,18510,22071,23031,20473,21844,21084,20842,23383,20692,21391,23025,23369,30130,29771,33000,40193,35610,38842,32878,33491,32341,31750,38164,37120,46312,40909,49196,53670,49485,60370,50102,46536,45527,49659,56369,62028,52103,62452,55633,56440,57542,47174,45114,,,,,,,,,,,,,44709,34131,47936,42843,46107,44595,46962,45317,43312,40349,35626,39017,39285,33918,43571,36851,41851,45638,43592,43020,42295,42745,39584,37305,32882,35949,35747,34090,41544,39231,41339,44091,39241,42317,34660,35789,30876,32809,35448,34616,37791,34405,42522,39311,35037,41061,34798,32367,36098,33610,36824,34467,42074,39857,46148,36293,41059,42842,35936,35297,35837,33148,38825,36993,40213,40080,38159,36424,36489,39107,30430,28350,29060,26810,36233,33113,32925,36891,34997,35038,36326,34459,26118,27792,27150,26654,31032,31119,35332,32777,33489,37870,36115,31355,28011,26416,27623,29192,30381,33359,35370,30466,33919,31159,29141,34335,23021,26048,50161
South_Atlantic,Georgia,5423,5758,7066,5256,5357,5136,5940,4592,5516,6111,5908,7694,6229,5645,5973,6745,7692,6377,5267,5456,5164,4865,5813,5569,4709,5956,5334,5912,6099,4683,5331,4564,4499,5132,5459,4962,4552,4278,3898,3117,3814,4183,4431,3727,3409,35615.0,32902.0,35128.0,32583.0,29635.0,34917.0,33764.0,29628.0,28721.0,29021.0,27548.0,29365.0,31278.0,27369.0,33654.0,32195.0,31752.0,31415.0,33206.0,32267.0,28139.0,29879.0,22303.0,24719.0,29823.0,25061.0,31334.0,28975.0,31965.0,28706.0,25825.0,30345.0,23695.0,25464.0,24327.0,22587.0,26054.0,27091.0,28193.0,25632.0,29353.0,26959,26829,26670,23455,20263,24343,21730,25504,25252,23006,26433,28860,25418,26006,23599,22183,19478,21607,16991,24066,21237,22127,24527,21837,20986,21003,19971,21897,18527,17183,18961,22627,21683,19929,21234,21692,26043,24121,21281,19288,17773,16528,17918,18371,18689,18036,17826,17627,19281,14834,16527,14988,14684,13017,12884,11904,11287,15049,13460,13924,13139,11436,14900,11128,10365,9038,9245,9370,10339,12385,12820,13040,11929,13774,16643,11225,11185,12447,10337,11303,12326,12607,12313,13932,11661,11098,11215,11016,9693,10178,8915,14332,16771,18510,22071,23031,20473,21844,21084,20842,23383,20692,21391,23025,23369,30130,29771,33000,40193,35610,38842,32878,33491,32341,31750,38164,37120,46312,40909,49196,53670,49485,60370,50102,46536,45527,49659,56369,62028,52103,62452,55633,56440,57542,47174,45114,,,,,,,,,,,,,44709,34131,47936,42843,46107,44595,46962,45317,43312,40349,35626,39017,39285,33918,43571,36851,41851,45638,43592,43020,42295,42745,39584,37305,32882,35949,35747,34090,41544,39231,41339,44091,39241,42317,34660,35789,30876,32809,35448,34616,37791,34405,42522,39311,35037,41061,34798,32367,36098,33610,36824,34467,42074,39857,46148,36293,41059,42842,35936,35297,35837,33148,38825,36993,40213,40080,38159,36424,36489,39107,30430,28350,29060,26810,36233,33113,32925,36891,34997,35038,36326,34459,26118,27792,27150,26654,31032,31119,35332,32777,33489,37870,36115,31355,28011,26416,27623,29192,30381,33359,35370,30466,33919,31159,29141,34335,23021,26048,50161
South_Atlantic,Maryland,1339,1210,1744,1230,1035,1351,1502,1297,1102,924,1653,1125,1981,2027,1517,2054,2191,1667,2062,1189,1071,1224,1789,1606,1228,1809,1356,1378,1601,1790,1320,1785,1403,1803,1932,1676,1294,1423,1550,1131,1604,1246,1448,1557,1163,35615.0,32902.0,35128.0,32583.0,29635.0,34917.0,33764.0,29628.0,28721.0,29021.0,27548.0,29365.0,31278.0,27369.0,33654.0,32195.0,31752.0,31415.0,33206.0,32267.0,28139.0,29879.0,22303.0,24719.0,29823.0,25061.0,31334.0,28975.0,31965.0,28706.0,25825.0,30345.0,23695.0,25464.0,24327.0,22587.0,26054.0,27091.0,28193.0,25632.0,29353.0,26959,26829,26670,23455,20263,24343,21730,25504,25252,23006,26433,28860,25418,26006,23599,22183,19478,21607,16991,24066,21237,22127,24527,21837,20986,21003,19971,21897,18527,17183,18961,22627,21683,19929,21234,21692,26043,24121,21281,19288,17773,16528,17918,18371,18689,18036,17826,17627,19281,14834,16527,14988,14684,13017,12884,11904,11287,15049,13460,13924,13139,11436,14900,11128,10365,9038,9245,9370,10339,12385,12820,13040,11929,13774,16643,11225,11185,12447,10337,11303,12326,12607,12313,13932,11661,11098,11215,11016,9693,10178,8915,14332,16771,18510,22071,23031,20473,21844,21084,20842,23383,20692,21391,23025,23369,30130,29771,33000,40193,35610,38842,32878,33491,32341,31750,38164,37120,46312,40909,49196,53670,49485,60370,50102,46536,45527,49659,56369,62028,52103,62452,55633,56440,57542,47174,45114,,,,,,,,,,,,,44709,34131,47936,42843,46107,44595,46962,45317,43312,40349,35626,39017,39285,33918,43571,36851,41851,45638,43592,43020,42295,42745,39584,37305,32882,35949,35747,34090,41544,39231,41339,44091,39241,42317,34660,35789,30876,32809,35448,34616,37791,34405,42522,39311,35037,41061,34798,32367,36098,33610,36824,34467,42074,39857,46148,36293,41059,42842,35936,35297,35837,33148,38825,36993,40213,40080,38159,36424,36489,39107,30430,28350,29060,26810,36233,33113,32925,36891,34997,35038,36326,34459,26118,27792,27150,26654,31032,31119,35332,32777,33489,37870,36115,31355,28011,26416,27623,29192,30381,33359,35370,30466,33919,31159,29141,34335,23021,26048,50161
South_Atlantic,North_Carolina,7218,7820,9184,7997,8515,8095,7066,5062,7276,6781,6943,8119,6605,7106,8648,9028,8109,8329,8061,6479,7709,8006,7802,8399,7676,8339,6860,8029,8638,7814,6069,6018,7200,6359,5905,6826,6122,7052,5341,4886,6699,5691,5553,5044,5290,35615.0,32902.0,35128.0,32583.0,29635.0,34917.0,33764.0,29628.0,28721.0,29021.0,27548.0,29365.0,31278.0,27369.0,33654.0,32195.0,31752.0,31415.0,33206.0,32267.0,28139.0,29879.0,22303.0,24719.0,29823.0,25061.0,31334.0,28975.0,31965.0,28706.0,25825.0,30345.0,23695.0,25464.0,24327.0,22587.0,26054.0,27091.0,28193.0,25632.0,29353.0,26959,26829,26670,23455,20263,24343,21730,25504,25252,23006,26433,28860,25418,26006,23599,22183,19478,21607,16991,24066,21237,22127,24527,21837,20986,21003,19971,21897,18527,17183,18961,22627,21683,19929,21234,21692,26043,24121,21281,19288,17773,16528,17918,18371,18689,18036,17826,17627,19281,14834,16527,14988,14684,13017,12884,11904,11287,15049,13460,13924,13139,11436,14900,11128,10365,9038,9245,9370,10339,12385,12820,13040,11929,13774,16643,11225,11185,12447,10337,11303,12326,12607,12313,13932,11661,11098,11215,11016,9693,10178,8915,14332,16771,18510,22071,23031,20473,21844,21084,20842,23383,20692,21391,23025,23369,30130,29771,33000,40193,35610,38842,32878,33491,32341,31750,38164,37120,46312,40909,49196,53670,49485,60370,50102,46536,45527,49659,56369,62028,52103,62452,55633,56440,57542,47174,45114,,,,,,,,,,,,,44709,34131,47936,42843,46107,44595,46962,45317,43312,40349,35626,39017,39285,33918,43571,36851,41851,45638,43592,43020,42295,42745,39584,37305,32882,35949,35747,34090,41544,39231,41339,44091,39241,42317,34660,35789,30876,32809,35448,34616,37791,34405,42522,39311,35037,41061,34798,32367,36098,33610,36824,34467,42074,39857,46148,36293,41059,42842,35936,35297,35837,33148,38825,36993,40213,40080,38159,36424,36489,39107,30430,28350,29060,26810,36233,33113,32925,36891,34997,35038,36326,34459,26118,27792,27150,26654,31032,31119,35332,32777,33489,37870,36115,31355,28011,26416,27623,29192,30381,33359,35370,30466,33919,31159,29141,34335,23021,26048,50161
South_Atlantic,South_Carolina,3424,3778,4258,3472,3820,3039,3018,2937,2816,3637,3204,3797,3874,4170,4192,4453,4829,3801,4124,3459,4018,4275,4102,3629,4276,5588,3928,4352,4444,3588,3610,4046,3805,4098,3562,3555,4137,3624,2731,2717,3460,2824,2868,2509,2434,35615.0,32902.0,35128.0,32583.0,29635.0,34917.0,33764.0,29628.0,28721.0,29021.0,27548.0,29365.0,31278.0,27369.0,33654.0,32195.0,31752.0,31415.0,33206.0,32267.0,28139.0,29879.0,22303.0,24719.0,29823.0,25061.0,31334.0,28975.0,31965.0,28706.0,25825.0,30345.0,23695.0,25464.0,24327.0,22587.0,26054.0,27091.0,28193.0,25632.0,29353.0,26959,26829,26670,23455,20263,24343,21730,25504,25252,23006,26433,28860,25418,26006,23599,22183,19478,21607,16991,24066,21237,22127,24527,21837,20986,21003,19971,21897,18527,17183,18961,22627,21683,19929,21234,21692,26043,24121,21281,19288,17773,16528,17918,18371,18689,18036,17826,17627,19281,14834,16527,14988,14684,13017,12884,11904,11287,15049,13460,13924,13139,11436,14900,11128,10365,9038,9245,9370,10339,12385,12820,13040,11929,13774,16643,11225,11185,12447,10337,11303,12326,12607,12313,13932,11661,11098,11215,11016,9693,10178,8915,14332,16771,18510,22071,23031,20473,21844,21084,20842,23383,20692,21391,23025,23369,30130,29771,33000,40193,35610,38842,32878,33491,32341,31750,38164,37120,46312,40909,49196,53670,49485,60370,50102,46536,45527,49659,56369,62028,52103,62452,55633,56440,57542,47174,45114,,,,,,,,,,,,,44709,34131,47936,42843,46107,44595,46962,45317,43312,40349,35626,39017,39285,33918,43571,36851,41851,45638,43592,43020,42295,42745,39584,37305,32882,35949,35747,34090,41544,39231,41339,44091,39241,42317,34660,35789,30876,32809,35448,34616,37791,34405,42522,39311,35037,41061,34798,32367,36098,33610,36824,34467,42074,39857,46148,36293,41059,42842,35936,35297,35837,33148,38825,36993,40213,40080,38159,36424,36489,39107,30430,28350,29060,26810,36233,33113,32925,36891,34997,35038,36326,34459,26118,27792,27150,26654,31032,31119,35332,32777,33489,37870,36115,31355,28011,26416,27623,29192,30381,33359,35370,30466,33919,31159,29141,34335,23021,26048,50161
South_Atlantic,Virginia,2561,3252,3161,2657,3308,2642,3272,2696,2000,3198,2883,3245,3556,3463,4004,3435,5047,2873,2714,3329,3373,2451,3078,3265,2973,3558,3125,4116,4361,2789,3294,2612,2521,2288,3028,2260,4380,3034,3233,2635,2632,2573,2671,2468,2170,35615.0,32902.0,35128.0,32583.0,29635.0,34917.0,33764.0,29628.0,28721.0,29021.0,27548.0,29365.0,31278.0,27369.0,33654.0,32195.0,31752.0,31415.0,33206.0,32267.0,28139.0,29879.0,22303.0,24719.0,29823.0,25061.0,31334.0,28975.0,31965.0,28706.0,25825.0,30345.0,23695.0,25464.0,24327.0,22587.0,26054.0,27091.0,28193.0,25632.0,29353.0,26959,26829,26670,23455,20263,24343,21730,25504,25252,23006,26433,28860,25418,26006,23599,22183,19478,21607,16991,24066,21237,22127,24527,21837,20986,21003,19971,21897,18527,17183,18961,22627,21683,19929,21234,21692,26043,24121,21281,19288,17773,16528,17918,18371,18689,18036,17826,17627,19281,14834,16527,14988,14684,13017,12884,11904,11287,15049,13460,13924,13139,11436,14900,11128,10365,9038,9245,9370,10339,12385,12820,13040,11929,13774,16643,11225,11185,12447,10337,11303,12326,12607,12313,13932,11661,11098,11215,11016,9693,10178,8915,14332,16771,18510,22071,23031,20473,21844,21084,20842,23383,20692,21391,23025,23369,30130,29771,33000,40193,35610,38842,32878,33491,32341,31750,38164,37120,46312,40909,49196,53670,49485,60370,50102,46536,45527,49659,56369,62028,52103,62452,55633,56440,57542,47174,45114,,,,,,,,,,,,,44709,34131,47936,42843,46107,44595,46962,45317,43312,40349,35626,39017,39285,33918,43571,36851,41851,45638,43592,43020,42295,42745,39584,37305,32882,35949,35747,34090,41544,39231,41339,44091,39241,42317,34660,35789,30876,32809,35448,34616,37791,34405,42522,39311,35037,41061,34798,32367,36098,33610,36824,34467,42074,39857,46148,36293,41059,42842,35936,35297,35837,33148,38825,36993,40213,40080,38159,36424,36489,39107,30430,28350,29060,26810,36233,33113,32925,36891,34997,35038,36326,34459,26118,27792,27150,26654,31032,31119,35332,32777,33489,37870,36115,31355,28011,26416,27623,29192,30381,33359,35370,30466,33919,31159,29141,34335,23021,26048,50161
South_Atlantic,West_Virginia,340,320,333,288,334,239,190,183,186,224,209,324,302,351,400,407,348,278,260,242,269,255,278,327,245,428,321,273,447,596,192,244,274,337,324,518,373,362,287,322,293,200,269,196,274,35615.0,32902.0,35128.0,32583.0,29635.0,34917.0,33764.0,29628.0,28721.0,29021.0,27548.0,29365.0,31278.0,27369.0,33654.0,32195.0,31752.0,31415.0,33206.0,32267.0,28139.0,29879.0,22303.0,24719.0,29823.0,25061.0,31334.0,28975.0,31965.0,28706.0,25825.0,30345.0,23695.0,25464.0,24327.0,22587.0,26054.0,27091.0,28193.0,25632.0,29353.0,26959,26829,26670,23455,20263,24343,21730,25504,25252,23006,26433,28860,25418,26006,23599,22183,19478,21607,16991,24066,21237,22127,24527,21837,20986,21003,19971,21897,18527,17183,18961,22627,21683,19929,21234,21692,26043,24121,21281,19288,17773,16528,17918,18371,18689,18036,17826,17627,19281,14834,16527,14988,14684,13017,12884,11904,11287,15049,13460,13924,13139,11436,14900,11128,10365,9038,9245,9370,10339,12385,12820,13040,11929,13774,16643,11225,11185,12447,10337,11303,12326,12607,12313,13932,11661,11098,11215,11016,9693,10178,8915,14332,16771,18510,22071,23031,20473,21844,21084,20842,23383,20692,21391,23025,23369,30130,29771,33000,40193,35610,38842,32878,33491,32341,31750,38164,37120,46312,40909,49196,53670,49485,60370,50102,46536,45527,49659,56369,62028,52103,62452,55633,56440,57542,47174,45114,,,,,,,,,,,,,44709,34131,47936,42843,46107,44595,46962,45317,43312,40349,35626,39017,39285,33918,43571,36851,41851,45638,43592,43020,42295,42745,39584,37305,32882,35949,35747,34090,41544,39231,41339,44091,39241,42317,34660,35789,30876,32809,35448,34616,37791,34405,42522,39311,35037,41061,34798,32367,36098,33610,36824,34467,42074,39857,46148,36293,41059,42842,35936,35297,35837,33148,38825,36993,40213,40080,38159,36424,36489,39107,30430,28350,29060,26810,36233,33113,32925,36891,34997,35038,36326,34459,26118,27792,27150,26654,31032,31119,35332,32777,33489,37870,36115,31355,28011,26416,27623,29192,30381,33359,35370,30466,33919,31159,29141,34335,23021,26048,50161
East_South_Central,Alabama,1491,1853,2445,1402,2455,1518,1250,1161,1324,1466,1717,2542,1677,1854,1788,1920,2489,1703,1564,1437,1433,1510,1886,1547,1830,1679,1747,1652,2021,1879,1941,1555,1338,1627,1683,1853,2037,1684,1334,1665,1573,1380,1548,1366,1218,,,,,,,,,,,,,,,,,,,,,,,,,,,,,,,,,,,,,,,,,,5835,6465,6848,6060,5341,5216,5761,6070,4948,6324,5073,5698,5889,5657,5263,4164,4413,4043,3372,5801,3969,4127,4496,4652,4192,4642,4885,4225,4525,3562,3171,4521,4029,4279,4189,4177,5567,4562,3976,3216,3233,3206,3253,3569,3550,4313,3709,4240,4196,3127,4455,2769,2930,2975,3247,2815,3488,3153,2586,3387,2690,2664,3467,2676,2388,2669,2149,2824,2910,3420,2639,3414,3665,3700,4506,3398,2854,2972,2750,2888,3194,3929,3899,5396,2993,3585,3212,2410,2680,2793,2904,3850,4368,4177,5535,4968,5076,5819,5894,5081,4815,4349,7218,5500,5896,7856,7678,8024,8760,8819,9621,7501,7835,7080,6550,8016,7745,10984,8866,10742,10627,8270,10793,8454,7264,8644,8591,8588,10307,9219,9978,10638,9923,10050,7873,8458,,,,,,,,,,,,,7088,6170,9668,8418,8904,8434,8172,7721,8626,8176,6273,6338,5659,6040,7322,7590,7451,7542,7657,8236,8010,7103,7588,6200,4750,5467,6579,5496,8518,6323,7640,7328,7338,7631,6408,6159,4885,7558,6987,6928,7253,6285,6772,8122,7290,8157,7114,6168,5636,6848,8631,7428,7927,7566,8792,7456,8721,9036,7149,5416,6778,7182,8150,7694,9280,7998,8237,7959,8142,8506,7114,5882,5965,5987,8002,7650,6998,7570,7448,7891,9033,7982,6657,5672,6909,7134,8113,8711,7373,7983,8585,9727,8718,7638,6319,5833,6295,6888,8612,6890,8351,7454,7209,7033,7118,8043,5388,5807,7831
East_South_Central,Kentucky,966,1157,1147,1540,1637,1191,937,1098,996,1513,1198,1407,1173,1119,1251,1080,1301,990,1005,1376,1298,1100,1217,1118,1044,1116,1323,1258,1700,1654,1085,907,1113,934,1305,1427,984,1215,1090,778,895,891,1157,712,880,,,,,,,,,,,,,,,,,,,,,,,,,,,,,,,,,,,,,,,,,,5835,6465,6848,6060,5341,5216,5761,6070,4948,6324,5073,5698,5889,5657,5263,4164,4413,4043,3372,5801,3969,4127,4496,4652,4192,4642,4885,4225,4525,3562,3171,4521,4029,4279,4189,4177,5567,4562,3976,3216,3233,3206,3253,3569,3550,4313,3709,4240,4196,3127,4455,2769,2930,2975,3247,2815,3488,3153,2586,3387,2690,2664,3467,2676,2388,2669,2149,2824,2910,3420,2639,3414,3665,3700,4506,3398,2854,2972,2750,2888,3194,3929,3899,5396,2993,3585,3212,2410,2680,2793,2904,3850,4368,4177,5535,4968,5076,5819,5894,5081,4815,4349,7218,5500,5896,7856,7678,8024,8760,8819,9621,7501,7835,7080,6550,8016,7745,10984,8866,10742,10627,8270,10793,8454,7264,8644,8591,8588,10307,9219,9978,10638,9923,10050,7873,8458,,,,,,,,,,,,,7088,6170,9668,8418,8904,8434,8172,7721,8626,8176,6273,6338,5659,6040,7322,7590,7451,7542,7657,8236,8010,7103,7588,6200,4750,5467,6579,5496,8518,6323,7640,7328,7338,7631,6408,6159,4885,7558,6987,6928,7253,6285,6772,8122,7290,8157,7114,6168,5636,6848,8631,7428,7927,7566,8792,7456,8721,9036,7149,5416,6778,7182,8150,7694,9280,7998,8237,7959,8142,8506,7114,5882,5965,5987,8002,7650,6998,7570,7448,7891,9033,7982,6657,5672,6909,7134,8113,8711,7373,7983,8585,9727,8718,7638,6319,5833,6295,6888,8612,6890,8351,7454,7209,7033,7118,8043,5388,5807,7831
East_South_Central,Mississippi,588,658,690,634,625,656,585,437,457,629,621,670,605,864,830,712,922,659,663,613,602,700,741,654,595,665,968,776,880,547,710,629,653,698,734,723,830,861,860,695,723,557,665,515,513,,,,,,,,,,,,,,,,,,,,,,,,,,,,,,,,,,,,,,,,,,5835,6465,6848,6060,5341,5216,5761,6070,4948,6324,5073,5698,5889,5657,5263,4164,4413,4043,3372,5801,3969,4127,4496,4652,4192,4642,4885,4225,4525,3562,3171,4521,4029,4279,4189,4177,5567,4562,3976,3216,3233,3206,3253,3569,3550,4313,3709,4240,4196,3127,4455,2769,2930,2975,3247,2815,3488,3153,2586,3387,2690,2664,3467,2676,2388,2669,2149,2824,2910,3420,2639,3414,3665,3700,4506,3398,2854,2972,2750,2888,3194,3929,3899,5396,2993,3585,3212,2410,2680,2793,2904,3850,4368,4177,5535,4968,5076,5819,5894,5081,4815,4349,7218,5500,5896,7856,7678,8024,8760,8819,9621,7501,7835,7080,6550,8016,7745,10984,8866,10742,10627,8270,10793,8454,7264,8644,8591,8588,10307,9219,9978,10638,9923,10050,7873,8458,,,,,,,,,,,,,7088,6170,9668,8418,8904,8434,8172,7721,8626,8176,6273,6338,5659,6040,7322,7590,7451,7542,7657,8236,8010,7103,7588,6200,4750,5467,6579,5496,8518,6323,7640,7328,7338,7631,6408,6159,4885,7558,6987,6928,7253,6285,6772,8122,7290,8157,7114,6168,5636,6848,8631,7428,7927,7566,8792,7456,8721,9036,7149,5416,6778,7182,8150,7694,9280,7998,8237,7959,8142,8506,7114,5882,5965,5987,8002,7650,6998,7570,7448,7891,9033,7982,6657,5672,6909,7134,8113,8711,7373,7983,8585,9727,8718,7638,6319,5833,6295,6888,8612,6890,8351,7454,7209,7033,7118,8043,5388,5807,7831
East_South_Central,Tennessee,3798,3788,3964,5084,3458,4633,2367,2104,2302,2383,3367,2800,3634,3817,3775,4300,4543,4150,4811,4776,4807,4722,3910,4957,4457,5653,5384,5298,6526,3530,3818,3879,4114,4267,4018,5181,5636,3994,3699,3743,3210,3399,3560,3190,3237,,,,,,,,,,,,,,,,,,,,,,,,,,,,,,,,,,,,,,,,,,5835,6465,6848,6060,5341,5216,5761,6070,4948,6324,5073,5698,5889,5657,5263,4164,4413,4043,3372,5801,3969,4127,4496,4652,4192,4642,4885,4225,4525,3562,3171,4521,4029,4279,4189,4177,5567,4562,3976,3216,3233,3206,3253,3569,3550,4313,3709,4240,4196,3127,4455,2769,2930,2975,3247,2815,3488,3153,2586,3387,2690,2664,3467,2676,2388,2669,2149,2824,2910,3420,2639,3414,3665,3700,4506,3398,2854,2972,2750,2888,3194,3929,3899,5396,2993,3585,3212,2410,2680,2793,2904,3850,4368,4177,5535,4968,5076,5819,5894,5081,4815,4349,7218,5500,5896,7856,7678,8024,8760,8819,9621,7501,7835,7080,6550,8016,7745,10984,8866,10742,10627,8270,10793,8454,7264,8644,8591,8588,10307,9219,9978,10638,9923,10050,7873,8458,,,,,,,,,,,,,7088,6170,9668,8418,8904,8434,8172,7721,8626,8176,6273,6338,5659,6040,7322,7590,7451,7542,7657,8236,8010,7103,7588,6200,4750,5467,6579,5496,8518,6323,7640,7328,7338,7631,6408,6159,4885,7558,6987,6928,7253,6285,6772,8122,7290,8157,7114,6168,5636,6848,8631,7428,7927,7566,8792,7456,8721,9036,7149,5416,6778,7182,8150,7694,9280,7998,8237,7959,8142,8506,7114,5882,5965,5987,8002,7650,6998,7570,7448,7891,9033,7982,6657,5672,6909,7134,8113,8711,7373,7983,8585,9727,8718,7638,6319,5833,6295,6888,8612,6890,8351,7454,7209,7033,7118,8043,5388,5807,7831
West_South_Central,Arkansas,1335,1313,1053,851,812,948,1034,635,708,1007,1001,1412,1238,1503,1745,1319,1491,1250,1044,1307,1092,1247,1590,1092,1242,1060,907,1298,1886,963,1230,873,1307,1252,1235,1208,1102,967,1069,1099,1143,688,842,1322,1006,,,,,,,,,,,,,,,,,,,,,,,,,,,,,,,,,,,,,,,,,,18057,15473,17280,15642,14618,17355,15415,17986,16093,18586,18983,20671,14884,18154,16794,17520,14239,18977,12771,17113,16969,18018,17300,16047,19067,20706,14890,14673,14882,15186,12946,17827,15085,13795,15789,14179,15838,16925,15126,14454,13752,12925,12675,14555,12967,16701,14355,13546,15118,12572,13324,11122,10773,9850,8255,10202,9569,11889,10420,12619,10789,10662,11039,8235,7127,7829,7383,6828,8468,10112,9389,10949,9915,10843,12461,8355,7817,8361,7326,7635,9412,10260,9967,11436,9630,9179,9611,8694,8073,8420,6693,10817,11921,15343,14509,13580,16011,16693,16252,14420,14769,13391,14813,15632,16248,19084,20333,21092,22944,18470,21212,18714,16808,19526,17880,19212,18904,22741,21279,26647,24465,23841,27490,22988,20112,19104,21442,21159,25726,22823,23553,21920,22763,23194,19427,20783,,,,,,,,,,,,,16556,14136,19555,19816,19386,19205,21251,21259,19513,18954,17582,15424,17132,14619,16376,15980,18360,17319,17829,19302,17756,17813,14448,15326,14237,14399,15858,13921,14894,14898,15879,17838,16200,16895,13233,14344,10255,12581,14907,14738,14059,13809,15834,15618,13933,15549,14538,11906,12791,12624,15138,14851,16722,18110,16054,15558,15989,17900,15524,15230,13458,11618,18330,17454,16814,17228,17929,17803,17736,19908,14168,11315,12044,10681,14320,17041,12606,13761,15003,13691,16110,13453,11714,10685,13225,11546,11671,12212,12544,13915,12887,14531,15461,12632,11641,11906,9656,10367,12667,13926,12268,11271,12313,12388,10949,11514,11031,9637,20477
West_South_Central,Louisiana,1270,1270,1351,1393,1234,991,1392,938,949,1170,1172,1439,1494,1873,1478,1617,1565,1614,1507,1407,1346,1460,1403,1519,1541,2224,1614,2481,1988,1411,1496,1514,1342,1556,1547,1609,1554,1751,1200,1208,1674,1274,1259,1099,1127,,,,,,,,,,,,,,,,,,,,,,,,,,,,,,,,,,,,,,,,,,18057,15473,17280,15642,14618,17355,15415,17986,16093,18586,18983,20671,14884,18154,16794,17520,14239,18977,12771,17113,16969,18018,17300,16047,19067,20706,14890,14673,14882,15186,12946,17827,15085,13795,15789,14179,15838,16925,15126,14454,13752,12925,12675,14555,12967,16701,14355,13546,15118,12572,13324,11122,10773,9850,8255,10202,9569,11889,10420,12619,10789,10662,11039,8235,7127,7829,7383,6828,8468,10112,9389,10949,9915,10843,12461,8355,7817,8361,7326,7635,9412,10260,9967,11436,9630,9179,9611,8694,8073,8420,6693,10817,11921,15343,14509,13580,16011,16693,16252,14420,14769,13391,14813,15632,16248,19084,20333,21092,22944,18470,21212,18714,16808,19526,17880,19212,18904,22741,21279,26647,24465,23841,27490,22988,20112,19104,21442,21159,25726,22823,23553,21920,22763,23194,19427,20783,,,,,,,,,,,,,16556,14136,19555,19816,19386,19205,21251,21259,19513,18954,17582,15424,17132,14619,16376,15980,18360,17319,17829,19302,17756,17813,14448,15326,14237,14399,15858,13921,14894,14898,15879,17838,16200,16895,13233,14344,10255,12581,14907,14738,14059,13809,15834,15618,13933,15549,14538,11906,12791,12624,15138,14851,16722,18110,16054,15558,15989,17900,15524,15230,13458,11618,18330,17454,16814,17228,17929,17803,17736,19908,14168,11315,12044,10681,14320,17041,12606,13761,15003,13691,16110,13453,11714,10685,13225,11546,11671,12212,12544,13915,12887,14531,15461,12632,11641,11906,9656,10367,12667,13926,12268,11271,12313,12388,10949,11514,11031,9637,20477
West_South_Central,Oklahoma,1471,970,1929,1096,946,797,641,947,693,842,921,1161,909,1650,1411,1207,1481,1133,1258,1181,1074,1130,1253,1377,1222,1338,1232,1428,1577,1122,1270,1169,1109,1200,1431,1177,1254,1223,755,1059,1473,909,846,803,909,,,,,,,,,,,,,,,,,,,,,,,,,,,,,,,,,,,,,,,,,,18057,15473,17280,15642,14618,17355,15415,17986,16093,18586,18983,20671,14884,18154,16794,17520,14239,18977,12771,17113,16969,18018,17300,16047,19067,20706,14890,14673,14882,15186,12946,17827,15085,13795,15789,14179,15838,16925,15126,14454,13752,12925,12675,14555,12967,16701,14355,13546,15118,12572,13324,11122,10773,9850,8255,10202,9569,11889,10420,12619,10789,10662,11039,8235,7127,7829,7383,6828,8468,10112,9389,10949,9915,10843,12461,8355,7817,8361,7326,7635,9412,10260,9967,11436,9630,9179,9611,8694,8073,8420,6693,10817,11921,15343,14509,13580,16011,16693,16252,14420,14769,13391,14813,15632,16248,19084,20333,21092,22944,18470,21212,18714,16808,19526,17880,19212,18904,22741,21279,26647,24465,23841,27490,22988,20112,19104,21442,21159,25726,22823,23553,21920,22763,23194,19427,20783,,,,,,,,,,,,,16556,14136,19555,19816,19386,19205,21251,21259,19513,18954,17582,15424,17132,14619,16376,15980,18360,17319,17829,19302,17756,17813,14448,15326,14237,14399,15858,13921,14894,14898,15879,17838,16200,16895,13233,14344,10255,12581,14907,14738,14059,13809,15834,15618,13933,15549,14538,11906,12791,12624,15138,14851,16722,18110,16054,15558,15989,17900,15524,15230,13458,11618,18330,17454,16814,17228,17929,17803,17736,19908,14168,11315,12044,10681,14320,17041,12606,13761,15003,13691,16110,13453,11714,10685,13225,11546,11671,12212,12544,13915,12887,14531,15461,12632,11641,11906,9656,10367,12667,13926,12268,11271,12313,12388,10949,11514,11031,9637,20477
West_South_Central,Texas,18897,20444,21978,17346,18896,17363,16847,15629,15117,21363,19444,20950,23914,26082,22918,25518,26723,20417,23155,20891,18004,18064,18003,23304,20762,23679,21683,24127,23649,18184,22260,20635,17953,19374,21319,18613,20183,17601,15919,16518,19293,16275,17885,14714,16880,,,,,,,,,,,,,,,,,,,,,,,,,,,,,,,,,,,,,,,,,,18057,15473,17280,15642,14618,17355,15415,17986,16093,18586,18983,20671,14884,18154,16794,17520,14239,18977,12771,17113,16969,18018,17300,16047,19067,20706,14890,14673,14882,15186,12946,17827,15085,13795,15789,14179,15838,16925,15126,14454,13752,12925,12675,14555,12967,16701,14355,13546,15118,12572,13324,11122,10773,9850,8255,10202,9569,11889,10420,12619,10789,10662,11039,8235,7127,7829,7383,6828,8468,10112,9389,10949,9915,10843,12461,8355,7817,8361,7326,7635,9412,10260,9967,11436,9630,9179,9611,8694,8073,8420,6693,10817,11921,15343,14509,13580,16011,16693,16252,14420,14769,13391,14813,15632,16248,19084,20333,21092,22944,18470,21212,18714,16808,19526,17880,19212,18904,22741,21279,26647,24465,23841,27490,22988,20112,19104,21442,21159,25726,22823,23553,21920,22763,23194,19427,20783,,,,,,,,,,,,,16556,14136,19555,19816,19386,19205,21251,21259,19513,18954,17582,15424,17132,14619,16376,15980,18360,17319,17829,19302,17756,17813,14448,15326,14237,14399,15858,13921,14894,14898,15879,17838,16200,16895,13233,14344,10255,12581,14907,14738,14059,13809,15834,15618,13933,15549,14538,11906,12791,12624,15138,14851,16722,18110,16054,15558,15989,17900,15524,15230,13458,11618,18330,17454,16814,17228,17929,17803,17736,19908,14168,11315,12044,10681,14320,17041,12606,13761,15003,13691,16110,13453,11714,10685,13225,11546,11671,12212,12544,13915,12887,14531,15461,12632,11641,11906,9656,10367,12667,13926,12268,11271,12313,12388,10949,11514,11031,9637,20477
Mountain,Arizona,5367,3840,4534,4268,6525,4600,2033,5252,2931,3871,4020,4603,5509,5537,5264,5268,7221,5522,5727,5858,5418,4986,4306,4939,5935,5996,5349,6384,5173,5484,5096,6350,4580,5352,4340,4669,5758,5394,3128,3316,4463,4851,5080,3779,4175,15457.0,12577.0,14158.0,14485.0,15559.0,15239.0,14570.0,11597.0,9969.0,10077.0,12521.0,11589.0,12708.0,12856.0,13105.0,13245.0,13458.0,14164.0,13588.0,15175.0,12878.0,12476.0,9859.0,12318.0,13402.0,11255.0,15605.0,11448.0,15058.0,12715.0,13074.0,13151.0,9234.0,9214.0,10895.0,11830.0,11860.0,12303.0,10936.0,10251.0,13611.0,13575,10985,10106,9650,8846,9353,8920,9383,9470,10251,11077,12373,10158,11108,9625,7741,5570,8377,7618,9665,9038,8810,9820,9215,9126,9301,10289,8171,6274,8279,6652,8037,6965,9848,8608,9198,10078,8198,8443,6226,6220,6756,6959,6598,6558,8926,7548,7657,7404,6889,6846,5384,4042,4035,4587,4630,4640,6170,5430,6311,4622,4078,4617,3041,2953,3755,3608,3596,4563,4476,4130,4834,4418,5036,6491,4694,3801,4155,3307,3931,5367,5116,6541,6116,4580,4858,3915,3382,3391,3136,3540,6395,6743,7977,8010,10784,9602,9108,7261,8139,6728,6586,9167,13257,11517,13749,12589,16488,15231,14501,16069,14322,10886,12101,10632,12452,14009,16889,16117,21121,22781,18986,23467,17904,18136,18468,20448,23902,24207,21809,25283,22365,22914,21934,18018,16009,,,,,,,,,,,,,17907,14580,20406,19679,18375,19358,20065,17740,17581,16167,16264,13055,15790,15393,17147,17957,16829,17054,18656,18644,17558,16193,12740,12378,10938,11710,14499,16616,17990,16284,18737,18713,17119,18948,14907,13466,12401,13632,15463,15252,18298,15378,16578,16497,15946,17465,14319,12728,14437,13175,13138,16121,15546,16234,20329,16158,16994,18633,13442,13240,15322,14225,15505,16046,15648,17409,18783,15523,20078,16624,13627,12553,14086,11968,16071,16963,15744,16072,15217,17206,15772,13441,12134,12731,12762,10860,14564,14876,14232,17540,17994,16596,16741,16237,15265,12689,14050,14010,13907,15604,17474,15432,16856,16210,13956,13128,11251,10050,17473
Mountain,Colorado,2737,3515,4311,3857,3580,3247,3235,2943,2602,2919,3671,3927,3967,4961,4583,4201,5711,4475,4122,5694,4990,4721,5444,5793,4749,4955,4380,5514,4823,3625,4807,5336,3690,4982,4619,4673,4117,3644,2604,3284,3748,3121,3242,4037,3606,15457.0,12577.0,14158.0,14485.0,15559.0,15239.0,14570.0,11597.0,9969.0,10077.0,12521.0,11589.0,12708.0,12856.0,13105.0,13245.0,13458.0,14164.0,13588.0,15175.0,12878.0,12476.0,9859.0,12318.0,13402.0,11255.0,15605.0,11448.0,15058.0,12715.0,13074.0,13151.0,9234.0,9214.0,10895.0,11830.0,11860.0,12303.0,10936.0,10251.0,13611.0,13575,10985,10106,9650,8846,9353,8920,9383,9470,10251,11077,12373,10158,11108,9625,7741,5570,8377,7618,9665,9038,8810,9820,9215,9126,9301,10289,8171,6274,8279,6652,8037,6965,9848,8608,9198,10078,8198,8443,6226,6220,6756,6959,6598,6558,8926,7548,7657,7404,6889,6846,5384,4042,4035,4587,4630,4640,6170,5430,6311,4622,4078,4617,3041,2953,3755,3608,3596,4563,4476,4130,4834,4418,5036,6491,4694,3801,4155,3307,3931,5367,5116,6541,6116,4580,4858,3915,3382,3391,3136,3540,6395,6743,7977,8010,10784,9602,9108,7261,8139,6728,6586,9167,13257,11517,13749,12589,16488,15231,14501,16069,14322,10886,12101,10632,12452,14009,16889,16117,21121,22781,18986,23467,17904,18136,18468,20448,23902,24207,21809,25283,22365,22914,21934,18018,16009,,,,,,,,,,,,,17907,14580,20406,19679,18375,19358,20065,17740,17581,16167,16264,13055,15790,15393,17147,17957,16829,17054,18656,18644,17558,16193,12740,12378,10938,11710,14499,16616,17990,16284,18737,18713,17119,18948,14907,13466,12401,13632,15463,15252,18298,15378,16578,16497,15946,17465,14319,12728,14437,13175,13138,16121,15546,16234,20329,16158,16994,18633,13442,13240,15322,14225,15505,16046,15648,17409,18783,15523,20078,16624,13627,12553,14086,11968,16071,16963,15744,16072,15217,17206,15772,13441,12134,12731,12762,10860,14564,14876,14232,17540,17994,16596,16741,16237,15265,12689,14050,14010,13907,15604,17474,15432,16856,16210,13956,13128,11251,10050,17473
Mountain,Idaho,1599,1687,1765,1450,1297,1060,922,644,1229,1057,1128,1589,1499,2145,2160,1994,2509,1802,1264,1467,1400,1656,1683,1614,1522,1916,1489,1704,2052,1438,1369,1637,1490,1502,1585,1424,1399,1441,1268,1055,1373,1244,1424,1248,1383,15457.0,12577.0,14158.0,14485.0,15559.0,15239.0,14570.0,11597.0,9969.0,10077.0,12521.0,11589.0,12708.0,12856.0,13105.0,13245.0,13458.0,14164.0,13588.0,15175.0,12878.0,12476.0,9859.0,12318.0,13402.0,11255.0,15605.0,11448.0,15058.0,12715.0,13074.0,13151.0,9234.0,9214.0,10895.0,11830.0,11860.0,12303.0,10936.0,10251.0,13611.0,13575,10985,10106,9650,8846,9353,8920,9383,9470,10251,11077,12373,10158,11108,9625,7741,5570,8377,7618,9665,9038,8810,9820,9215,9126,9301,10289,8171,6274,8279,6652,8037,6965,9848,8608,9198,10078,8198,8443,6226,6220,6756,6959,6598,6558,8926,7548,7657,7404,6889,6846,5384,4042,4035,4587,4630,4640,6170,5430,6311,4622,4078,4617,3041,2953,3755,3608,3596,4563,4476,4130,4834,4418,5036,6491,4694,3801,4155,3307,3931,5367,5116,6541,6116,4580,4858,3915,3382,3391,3136,3540,6395,6743,7977,8010,10784,9602,9108,7261,8139,6728,6586,9167,13257,11517,13749,12589,16488,15231,14501,16069,14322,10886,12101,10632,12452,14009,16889,16117,21121,22781,18986,23467,17904,18136,18468,20448,23902,24207,21809,25283,22365,22914,21934,18018,16009,,,,,,,,,,,,,17907,14580,20406,19679,18375,19358,20065,17740,17581,16167,16264,13055,15790,15393,17147,17957,16829,17054,18656,18644,17558,16193,12740,12378,10938,11710,14499,16616,17990,16284,18737,18713,17119,18948,14907,13466,12401,13632,15463,15252,18298,15378,16578,16497,15946,17465,14319,12728,14437,13175,13138,16121,15546,16234,20329,16158,16994,18633,13442,13240,15322,14225,15505,16046,15648,17409,18783,15523,20078,16624,13627,12553,14086,11968,16071,16963,15744,16072,15217,17206,15772,13441,12134,12731,12762,10860,14564,14876,14232,17540,17994,16596,16741,16237,15265,12689,14050,14010,13907,15604,17474,15432,16856,16210,13956,13128,11251,10050,17473
Mountain,Montana,520,443,573,354,468,380,225,466,188,595,512,483,440,895,531,566,566,617,401,524,801,600,505,511,580,914,395,474,652,222,241,580,274,353,408,527,462,305,471,317,323,273,299,189,242,15457.0,12577.0,14158.0,14485.0,15559.0,15239.0,14570.0,11597.0,9969.0,10077.0,12521.0,11589.0,12708.0,12856.0,13105.0,13245.0,13458.0,14164.0,13588.0,15175.0,12878.0,12476.0,9859.0,12318.0,13402.0,11255.0,15605.0,11448.0,15058.0,12715.0,13074.0,13151.0,9234.0,9214.0,10895.0,11830.0,11860.0,12303.0,10936.0,10251.0,13611.0,13575,10985,10106,9650,8846,9353,8920,9383,9470,10251,11077,12373,10158,11108,9625,7741,5570,8377,7618,9665,9038,8810,9820,9215,9126,9301,10289,8171,6274,8279,6652,8037,6965,9848,8608,9198,10078,8198,8443,6226,6220,6756,6959,6598,6558,8926,7548,7657,7404,6889,6846,5384,4042,4035,4587,4630,4640,6170,5430,6311,4622,4078,4617,3041,2953,3755,3608,3596,4563,4476,4130,4834,4418,5036,6491,4694,3801,4155,3307,3931,5367,5116,6541,6116,4580,4858,3915,3382,3391,3136,3540,6395,6743,7977,8010,10784,9602,9108,7261,8139,6728,6586,9167,13257,11517,13749,12589,16488,15231,14501,16069,14322,10886,12101,10632,12452,14009,16889,16117,21121,22781,18986,23467,17904,18136,18468,20448,23902,24207,21809,25283,22365,22914,21934,18018,16009,,,,,,,,,,,,,17907,14580,20406,19679,18375,19358,20065,17740,17581,16167,16264,13055,15790,15393,17147,17957,16829,17054,18656,18644,17558,16193,12740,12378,10938,11710,14499,16616,17990,16284,18737,18713,17119,18948,14907,13466,12401,13632,15463,15252,18298,15378,16578,16497,15946,17465,14319,12728,14437,13175,13138,16121,15546,16234,20329,16158,16994,18633,13442,13240,15322,14225,15505,16046,15648,17409,18783,15523,20078,16624,13627,12553,14086,11968,16071,16963,15744,16072,15217,17206,15772,13441,12134,12731,12762,10860,14564,14876,14232,17540,17994,16596,16741,16237,15265,12689,14050,14010,13907,15604,17474,15432,16856,16210,13956,13128,11251,10050,17473
Mountain,Nevada,1766,1528,2224,1245,1781,1041,1476,883,1171,1250,1659,1267,1174,1938,1641,2634,2263,1833,2608,1784,2266,1770,1666,2182,1795,1770,1712,2156,2184,2129,2029,2141,1943,1483,2006,1514,1962,1437,1122,1032,1712,1800,1610,1276,1087,15457.0,12577.0,14158.0,14485.0,15559.0,15239.0,14570.0,11597.0,9969.0,10077.0,12521.0,11589.0,12708.0,12856.0,13105.0,13245.0,13458.0,14164.0,13588.0,15175.0,12878.0,12476.0,9859.0,12318.0,13402.0,11255.0,15605.0,11448.0,15058.0,12715.0,13074.0,13151.0,9234.0,9214.0,10895.0,11830.0,11860.0,12303.0,10936.0,10251.0,13611.0,13575,10985,10106,9650,8846,9353,8920,9383,9470,10251,11077,12373,10158,11108,9625,7741,5570,8377,7618,9665,9038,8810,9820,9215,9126,9301,10289,8171,6274,8279,6652,8037,6965,9848,8608,9198,10078,8198,8443,6226,6220,6756,6959,6598,6558,8926,7548,7657,7404,6889,6846,5384,4042,4035,4587,4630,4640,6170,5430,6311,4622,4078,4617,3041,2953,3755,3608,3596,4563,4476,4130,4834,4418,5036,6491,4694,3801,4155,3307,3931,5367,5116,6541,6116,4580,4858,3915,3382,3391,3136,3540,6395,6743,7977,8010,10784,9602,9108,7261,8139,6728,6586,9167,13257,11517,13749,12589,16488,15231,14501,16069,14322,10886,12101,10632,12452,14009,16889,16117,21121,22781,18986,23467,17904,18136,18468,20448,23902,24207,21809,25283,22365,22914,21934,18018,16009,,,,,,,,,,,,,17907,14580,20406,19679,18375,19358,20065,17740,17581,16167,16264,13055,15790,15393,17147,17957,16829,17054,18656,18644,17558,16193,12740,12378,10938,11710,14499,16616,17990,16284,18737,18713,17119,18948,14907,13466,12401,13632,15463,15252,18298,15378,16578,16497,15946,17465,14319,12728,14437,13175,13138,16121,15546,16234,20329,16158,16994,18633,13442,13240,15322,14225,15505,16046,15648,17409,18783,15523,20078,16624,13627,12553,14086,11968,16071,16963,15744,16072,15217,17206,15772,13441,12134,12731,12762,10860,14564,14876,14232,17540,17994,16596,16741,16237,15265,12689,14050,14010,13907,15604,17474,15432,16856,16210,13956,13128,11251,10050,17473
Mountain,New_Mexico,682,834,658,680,894,397,581,471,439,591,644,616,668,758,1004,1005,845,462,531,759,468,527,668,595,759,721,569,724,660,715,414,391,407,503,445,491,455,460,310,361,431,374,371,308,471,15457.0,12577.0,14158.0,14485.0,15559.0,15239.0,14570.0,11597.0,9969.0,10077.0,12521.0,11589.0,12708.0,12856.0,13105.0,13245.0,13458.0,14164.0,13588.0,15175.0,12878.0,12476.0,9859.0,12318.0,13402.0,11255.0,15605.0,11448.0,15058.0,12715.0,13074.0,13151.0,9234.0,9214.0,10895.0,11830.0,11860.0,12303.0,10936.0,10251.0,13611.0,13575,10985,10106,9650,8846,9353,8920,9383,9470,10251,11077,12373,10158,11108,9625,7741,5570,8377,7618,9665,9038,8810,9820,9215,9126,9301,10289,8171,6274,8279,6652,8037,6965,9848,8608,9198,10078,8198,8443,6226,6220,6756,6959,6598,6558,8926,7548,7657,7404,6889,6846,5384,4042,4035,4587,4630,4640,6170,5430,6311,4622,4078,4617,3041,2953,3755,3608,3596,4563,4476,4130,4834,4418,5036,6491,4694,3801,4155,3307,3931,5367,5116,6541,6116,4580,4858,3915,3382,3391,3136,3540,6395,6743,7977,8010,10784,9602,9108,7261,8139,6728,6586,9167,13257,11517,13749,12589,16488,15231,14501,16069,14322,10886,12101,10632,12452,14009,16889,16117,21121,22781,18986,23467,17904,18136,18468,20448,23902,24207,21809,25283,22365,22914,21934,18018,16009,,,,,,,,,,,,,17907,14580,20406,19679,18375,19358,20065,17740,17581,16167,16264,13055,15790,15393,17147,17957,16829,17054,18656,18644,17558,16193,12740,12378,10938,11710,14499,16616,17990,16284,18737,18713,17119,18948,14907,13466,12401,13632,15463,15252,18298,15378,16578,16497,15946,17465,14319,12728,14437,13175,13138,16121,15546,16234,20329,16158,16994,18633,13442,13240,15322,14225,15505,16046,15648,17409,18783,15523,20078,16624,13627,12553,14086,11968,16071,16963,15744,16072,15217,17206,15772,13441,12134,12731,12762,10860,14564,14876,14232,17540,17994,16596,16741,16237,15265,12689,14050,14010,13907,15604,17474,15432,16856,16210,13956,13128,11251,10050,17473
Mountain,Utah,2254,2416,2091,1804,1928,2342,1776,1907,1491,1704,2232,2175,2435,3106,2890,3193,3811,3496,3022,3290,3043,2395,3423,3867,3839,4069,3538,4266,3686,2867,2811,2561,2783,3005,2363,2930,2522,2305,2226,2228,3056,1877,2088,1559,2584,15457.0,12577.0,14158.0,14485.0,15559.0,15239.0,14570.0,11597.0,9969.0,10077.0,12521.0,11589.0,12708.0,12856.0,13105.0,13245.0,13458.0,14164.0,13588.0,15175.0,12878.0,12476.0,9859.0,12318.0,13402.0,11255.0,15605.0,11448.0,15058.0,12715.0,13074.0,13151.0,9234.0,9214.0,10895.0,11830.0,11860.0,12303.0,10936.0,10251.0,13611.0,13575,10985,10106,9650,8846,9353,8920,9383,9470,10251,11077,12373,10158,11108,9625,7741,5570,8377,7618,9665,9038,8810,9820,9215,9126,9301,10289,8171,6274,8279,6652,8037,6965,9848,8608,9198,10078,8198,8443,6226,6220,6756,6959,6598,6558,8926,7548,7657,7404,6889,6846,5384,4042,4035,4587,4630,4640,6170,5430,6311,4622,4078,4617,3041,2953,3755,3608,3596,4563,4476,4130,4834,4418,5036,6491,4694,3801,4155,3307,3931,5367,5116,6541,6116,4580,4858,3915,3382,3391,3136,3540,6395,6743,7977,8010,10784,9602,9108,7261,8139,6728,6586,9167,13257,11517,13749,12589,16488,15231,14501,16069,14322,10886,12101,10632,12452,14009,16889,16117,21121,22781,18986,23467,17904,18136,18468,20448,23902,24207,21809,25283,22365,22914,21934,18018,16009,,,,,,,,,,,,,17907,14580,20406,19679,18375,19358,20065,17740,17581,16167,16264,13055,15790,15393,17147,17957,16829,17054,18656,18644,17558,16193,12740,12378,10938,11710,14499,16616,17990,16284,18737,18713,17119,18948,14907,13466,12401,13632,15463,15252,18298,15378,16578,16497,15946,17465,14319,12728,14437,13175,13138,16121,15546,16234,20329,16158,16994,18633,13442,13240,15322,14225,15505,16046,15648,17409,18783,15523,20078,16624,13627,12553,14086,11968,16071,16963,15744,16072,15217,17206,15772,13441,12134,12731,12762,10860,14564,14876,14232,17540,17994,16596,16741,16237,15265,12689,14050,14010,13907,15604,17474,15432,16856,16210,13956,13128,11251,10050,17473
Mountain,Wyoming,124,162,183,129,157,77,68,82,133,556,187,399,289,269,236,227,239,244,151,150,188,195,187,277,247,283,185,256,187,146,184,214,144,132,196,163,231,190,165,218,123,103,103,68,113,15457.0,12577.0,14158.0,14485.0,15559.0,15239.0,14570.0,11597.0,9969.0,10077.0,12521.0,11589.0,12708.0,12856.0,13105.0,13245.0,13458.0,14164.0,13588.0,15175.0,12878.0,12476.0,9859.0,12318.0,13402.0,11255.0,15605.0,11448.0,15058.0,12715.0,13074.0,13151.0,9234.0,9214.0,10895.0,11830.0,11860.0,12303.0,10936.0,10251.0,13611.0,13575,10985,10106,9650,8846,9353,8920,9383,9470,10251,11077,12373,10158,11108,9625,7741,5570,8377,7618,9665,9038,8810,9820,9215,9126,9301,10289,8171,6274,8279,6652,8037,6965,9848,8608,9198,10078,8198,8443,6226,6220,6756,6959,6598,6558,8926,7548,7657,7404,6889,6846,5384,4042,4035,4587,4630,4640,6170,5430,6311,4622,4078,4617,3041,2953,3755,3608,3596,4563,4476,4130,4834,4418,5036,6491,4694,3801,4155,3307,3931,5367,5116,6541,6116,4580,4858,3915,3382,3391,3136,3540,6395,6743,7977,8010,10784,9602,9108,7261,8139,6728,6586,9167,13257,11517,13749,12589,16488,15231,14501,16069,14322,10886,12101,10632,12452,14009,16889,16117,21121,22781,18986,23467,17904,18136,18468,20448,23902,24207,21809,25283,22365,22914,21934,18018,16009,,,,,,,,,,,,,17907,14580,20406,19679,18375,19358,20065,17740,17581,16167,16264,13055,15790,15393,17147,17957,16829,17054,18656,18644,17558,16193,12740,12378,10938,11710,14499,16616,17990,16284,18737,18713,17119,18948,14907,13466,12401,13632,15463,15252,18298,15378,16578,16497,15946,17465,14319,12728,14437,13175,13138,16121,15546,16234,20329,16158,16994,18633,13442,13240,15322,14225,15505,16046,15648,17409,18783,15523,20078,16624,13627,12553,14086,11968,16071,16963,15744,16072,15217,17206,15772,13441,12134,12731,12762,10860,14564,14876,14232,17540,17994,16596,16741,16237,15265,12689,14050,14010,13907,15604,17474,15432,16856,16210,13956,13128,11251,10050,17473
Pacific,Alaska,111,94,55,41,122,80,101,70,68,89,131,134,110,128,148,152,149,128,109,106,114,125,132,145,146,157,138,166,145,115,111,135,124,149,142,162,135,147,113,98,42,114,109,117,115,17151.0,16617.0,15388.0,16553.0,14421.0,16938.0,16245.0,15258.0,10390.0,14025.0,16126.0,13882.0,14852.0,12864.0,15367.0,14268.0,19108.0,17357.0,16275.0,18708.0,13566.0,13808.0,16886.0,14448.0,16916.0,14944.0,17581.0,13738.0,20589.0,15890.0,14899.0,15500.0,10678.0,9939.0,15509.0,13414.0,14176.0,14875.0,14554.0,11890.0,15723.0,16313,13562,13446,12693,11067,12842,13066,11635,13548,13633,13405,17556,12917,13364,13717,12852,12119,11816,11232,14317,11077,10236,12407,11992,12066,13860,10715,9213,7445,12338,9837,11083,8413,10920,12442,10328,12193,11826,8926,10290,8887,9245,7134,8981,9415,9446,9700,10495,9819,6801,10117,5670,4138,7454,6753,5510,6730,7730,5477,8079,8152,7137,6985,4077,4212,8756,4727,5197,5277,7376,6149,7769,5748,5787,6634,6210,5322,5128,3986,5341,5244,5319,5460,5859,5416,4991,5032,3935,4594,5334,6114,7373,7970,7806,9206,11695,12260,10670,8685,10670,8106,9649,9192,13181,11928,18091,15024,16165,19389,16258,20473,16017,16756,14686,13779,16754,19388,19394,18422,25276,25430,22607,23307,17536,19580,21475,22318,29399,25716,25673,28934,26120,26794,27331,20607,19890,,,,,,,,,,,,,19844,17903,26503,22183,21384,23079,23294,25310,23756,21627,21103,19877,17035,17972,24752,19591,19782,20497,20367,20902,20256,18021,15535,14993,14879,14551,17414,14653,20505,16689,20622,19587,19210,18872,13694,19517,17372,16205,16617,16700,19717,16814,24290,18339,17154,18496,14781,14832,15411,13783,17079,16298,18015,19656,22662,19191,17627,18115,13188,13820,14751,14563,18580,17853,18345,19562,21191,16321,18600,16437,13109,11279,15062,12642,18980,18318,16322,17647,17089,16042,15936,15389,12206,10412,11035,11394,15762,14412,15452,16456,15802,15295,15417,15109,10880,10851,13778,12268,13225,13513,15558,14326,17613,14385,12832,12064,11407,8749,22884
Pacific,California,8190,13326,10066,9186,7410,8275,7138,8220,6800,7282,10242,11045,7663,12675,10263,10615,10883,9130,8276,10973,8721,10997,8736,9869,9714,10796,9922,10560,11644,7897,9729,12584,8367,8670,9476,8190,10350,8844,6705,5987,7949,8759,8673,11523,7630,17151.0,16617.0,15388.0,16553.0,14421.0,16938.0,16245.0,15258.0,10390.0,14025.0,16126.0,13882.0,14852.0,12864.0,15367.0,14268.0,19108.0,17357.0,16275.0,18708.0,13566.0,13808.0,16886.0,14448.0,16916.0,14944.0,17581.0,13738.0,20589.0,15890.0,14899.0,15500.0,10678.0,9939.0,15509.0,13414.0,14176.0,14875.0,14554.0,11890.0,15723.0,16313,13562,13446,12693,11067,12842,13066,11635,13548,13633,13405,17556,12917,13364,13717,12852,12119,11816,11232,14317,11077,10236,12407,11992,12066,13860,10715,9213,7445,12338,9837,11083,8413,10920,12442,10328,12193,11826,8926,10290,8887,9245,7134,8981,9415,9446,9700,10495,9819,6801,10117,5670,4138,7454,6753,5510,6730,7730,5477,8079,8152,7137,6985,4077,4212,8756,4727,5197,5277,7376,6149,7769,5748,5787,6634,6210,5322,5128,3986,5341,5244,5319,5460,5859,5416,4991,5032,3935,4594,5334,6114,7373,7970,7806,9206,11695,12260,10670,8685,10670,8106,9649,9192,13181,11928,18091,15024,16165,19389,16258,20473,16017,16756,14686,13779,16754,19388,19394,18422,25276,25430,22607,23307,17536,19580,21475,22318,29399,25716,25673,28934,26120,26794,27331,20607,19890,,,,,,,,,,,,,19844,17903,26503,22183,21384,23079,23294,25310,23756,21627,21103,19877,17035,17972,24752,19591,19782,20497,20367,20902,20256,18021,15535,14993,14879,14551,17414,14653,20505,16689,20622,19587,19210,18872,13694,19517,17372,16205,16617,16700,19717,16814,24290,18339,17154,18496,14781,14832,15411,13783,17079,16298,18015,19656,22662,19191,17627,18115,13188,13820,14751,14563,18580,17853,18345,19562,21191,16321,18600,16437,13109,11279,15062,12642,18980,18318,16322,17647,17089,16042,15936,15389,12206,10412,11035,11394,15762,14412,15452,16456,15802,15295,15417,15109,10880,10851,13778,12268,13225,13513,15558,14326,17613,14385,12832,12064,11407,8749,22884
Pacific,Hawaii,306,335,224,341,300,203,176,189,532,829,479,228,244,254,193,228,721,236,305,276,456,267,558,203,332,238,226,290,254,293,339,383,385,373,150,286,261,366,258,241,343,182,151,342,179,17151.0,16617.0,15388.0,16553.0,14421.0,16938.0,16245.0,15258.0,10390.0,14025.0,16126.0,13882.0,14852.0,12864.0,15367.0,14268.0,19108.0,17357.0,16275.0,18708.0,13566.0,13808.0,16886.0,14448.0,16916.0,14944.0,17581.0,13738.0,20589.0,15890.0,14899.0,15500.0,10678.0,9939.0,15509.0,13414.0,14176.0,14875.0,14554.0,11890.0,15723.0,16313,13562,13446,12693,11067,12842,13066,11635,13548,13633,13405,17556,12917,13364,13717,12852,12119,11816,11232,14317,11077,10236,12407,11992,12066,13860,10715,9213,7445,12338,9837,11083,8413,10920,12442,10328,12193,11826,8926,10290,8887,9245,7134,8981,9415,9446,9700,10495,9819,6801,10117,5670,4138,7454,6753,5510,6730,7730,5477,8079,8152,7137,6985,4077,4212,8756,4727,5197,5277,7376,6149,7769,5748,5787,6634,6210,5322,5128,3986,5341,5244,5319,5460,5859,5416,4991,5032,3935,4594,5334,6114,7373,7970,7806,9206,11695,12260,10670,8685,10670,8106,9649,9192,13181,11928,18091,15024,16165,19389,16258,20473,16017,16756,14686,13779,16754,19388,19394,18422,25276,25430,22607,23307,17536,19580,21475,22318,29399,25716,25673,28934,26120,26794,27331,20607,19890,,,,,,,,,,,,,19844,17903,26503,22183,21384,23079,23294,25310,23756,21627,21103,19877,17035,17972,24752,19591,19782,20497,20367,20902,20256,18021,15535,14993,14879,14551,17414,14653,20505,16689,20622,19587,19210,18872,13694,19517,17372,16205,16617,16700,19717,16814,24290,18339,17154,18496,14781,14832,15411,13783,17079,16298,18015,19656,22662,19191,17627,18115,13188,13820,14751,14563,18580,17853,18345,19562,21191,16321,18600,16437,13109,11279,15062,12642,18980,18318,16322,17647,17089,16042,15936,15389,12206,10412,11035,11394,15762,14412,15452,16456,15802,15295,15417,15109,10880,10851,13778,12268,13225,13513,15558,14326,17613,14385,12832,12064,11407,8749,22884
Pacific,Oregon,1525,1513,1602,1840,1442,1519,1484,1735,946,1211,2335,1446,2064,1927,1448,1801,1690,1962,1333,1601,1629,1560,1509,1722,2132,1555,1819,2070,2452,1474,1072,1564,1377,1681,1004,1697,1421,1511,1268,1800,2143,888,1058,1821,1124,17151.0,16617.0,15388.0,16553.0,14421.0,16938.0,16245.0,15258.0,10390.0,14025.0,16126.0,13882.0,14852.0,12864.0,15367.0,14268.0,19108.0,17357.0,16275.0,18708.0,13566.0,13808.0,16886.0,14448.0,16916.0,14944.0,17581.0,13738.0,20589.0,15890.0,14899.0,15500.0,10678.0,9939.0,15509.0,13414.0,14176.0,14875.0,14554.0,11890.0,15723.0,16313,13562,13446,12693,11067,12842,13066,11635,13548,13633,13405,17556,12917,13364,13717,12852,12119,11816,11232,14317,11077,10236,12407,11992,12066,13860,10715,9213,7445,12338,9837,11083,8413,10920,12442,10328,12193,11826,8926,10290,8887,9245,7134,8981,9415,9446,9700,10495,9819,6801,10117,5670,4138,7454,6753,5510,6730,7730,5477,8079,8152,7137,6985,4077,4212,8756,4727,5197,5277,7376,6149,7769,5748,5787,6634,6210,5322,5128,3986,5341,5244,5319,5460,5859,5416,4991,5032,3935,4594,5334,6114,7373,7970,7806,9206,11695,12260,10670,8685,10670,8106,9649,9192,13181,11928,18091,15024,16165,19389,16258,20473,16017,16756,14686,13779,16754,19388,19394,18422,25276,25430,22607,23307,17536,19580,21475,22318,29399,25716,25673,28934,26120,26794,27331,20607,19890,,,,,,,,,,,,,19844,17903,26503,22183,21384,23079,23294,25310,23756,21627,21103,19877,17035,17972,24752,19591,19782,20497,20367,20902,20256,18021,15535,14993,14879,14551,17414,14653,20505,16689,20622,19587,19210,18872,13694,19517,17372,16205,16617,16700,19717,16814,24290,18339,17154,18496,14781,14832,15411,13783,17079,16298,18015,19656,22662,19191,17627,18115,13188,13820,14751,14563,18580,17853,18345,19562,21191,16321,18600,16437,13109,11279,15062,12642,18980,18318,16322,17647,17089,16042,15936,15389,12206,10412,11035,11394,15762,14412,15452,16456,15802,15295,15417,15109,10880,10851,13778,12268,13225,13513,15558,14326,17613,14385,12832,12064,11407,8749,22884
Pacific,Washington,2663,3177,3955,2818,3393,4205,2258,3445,3076,3072,3327,4079,4113,5423,4261,4127,5369,4316,4018,5290,5124,4987,3701,6349,4566,3889,4123,4277,4897,4629,4205,4302,3669,3531,4466,3537,3574,3398,4557,2716,3876,3293,3615,4441,5169,17151.0,16617.0,15388.0,16553.0,14421.0,16938.0,16245.0,15258.0,10390.0,14025.0,16126.0,13882.0,14852.0,12864.0,15367.0,14268.0,19108.0,17357.0,16275.0,18708.0,13566.0,13808.0,16886.0,14448.0,16916.0,14944.0,17581.0,13738.0,20589.0,15890.0,14899.0,15500.0,10678.0,9939.0,15509.0,13414.0,14176.0,14875.0,14554.0,11890.0,15723.0,16313,13562,13446,12693,11067,12842,13066,11635,13548,13633,13405,17556,12917,13364,13717,12852,12119,11816,11232,14317,11077,10236,12407,11992,12066,13860,10715,9213,7445,12338,9837,11083,8413,10920,12442,10328,12193,11826,8926,10290,8887,9245,7134,8981,9415,9446,9700,10495,9819,6801,10117,5670,4138,7454,6753,5510,6730,7730,5477,8079,8152,7137,6985,4077,4212,8756,4727,5197,5277,7376,6149,7769,5748,5787,6634,6210,5322,5128,3986,5341,5244,5319,5460,5859,5416,4991,5032,3935,4594,5334,6114,7373,7970,7806,9206,11695,12260,10670,8685,10670,8106,9649,9192,13181,11928,18091,15024,16165,19389,16258,20473,16017,16756,14686,13779,16754,19388,19394,18422,25276,25430,22607,23307,17536,19580,21475,22318,29399,25716,25673,28934,26120,26794,27331,20607,19890,,,,,,,,,,,,,19844,17903,26503,22183,21384,23079,23294,25310,23756,21627,21103,19877,17035,17972,24752,19591,19782,20497,20367,20902,20256,18021,15535,14993,14879,14551,17414,14653,20505,16689,20622,19587,19210,18872,13694,19517,17372,16205,16617,16700,19717,16814,24290,18339,17154,18496,14781,14832,15411,13783,17079,16298,18015,19656,22662,19191,17627,18115,13188,13820,14751,14563,18580,17853,18345,19562,21191,16321,18600,16437,13109,11279,15062,12642,18980,18318,16322,17647,17089,16042,15936,15389,12206,10412,11035,11394,15762,14412,15452,16456,15802,15295,15417,15109,10880,10851,13778,12268,13225,13513,15558,14326,17613,14385,12832,12064,11407,8749,22884
